,item_name,item_volumn,type
0,cj hetbahn cooked white rice box,['7.4oz(210g) 12 ea'],asian
1,cj cooked white rice with seaweed soup,['5.9oz(167g)'],asian
2,samyang hot chicken flavor ramen,['4.94oz(140g) 5 packs'],asian
3,cj cooked white rice with soft tofu stew,['6.1oz(174g)'],asian
4,haioreum peeled roasted chestnuts,['3.52oz(100g)'],asian
5,paldo bibim men,['4.58oz(130g) 5 packs'],asian
6,dongwon light standard tuna,['5.29oz(150g) 4 cans'],asian
7,cj cooked white rice with assorted vegetables bibimbap,['8.1oz(230g)'],asian
8,cj cooked white rice with soybean paste bibimbap,['9.8oz(280g)'],asian
9,cj cooked white rice with stir-fried jjajang ,['9.6oz(275g)'],asian
10,kyong gi rice 15lb(6.8kg) kyong gi rice 15lb(6.8kg),['6.8kg)'],asian
11,orion choco pie,['1.37oz(39g) 12 packs'],asian
12,nongshim shin ramyun,['4.2oz(120g) 4 packs'],asian
13,ottogi 3 minutes jjajang,['5.64oz(160g)'],asian
14,haitai choco homerun ball big size,['5.15oz(146g)'],asian
15,ottogi 3 minutes curry hot flavor,['6.7oz(190g)'],asian
16,organic farm organic peeled roasted chestnut,['3.5oz(100g)'],asian
17,cj cooked white rice with stir-fried kimchi ,['8.65oz(247g)'],asian
18,cj bibigo kimchi stew with tofu 16.2oz(460g),['6.2oz(460g)'],asian
19,cj cooked white rice with yellow cream curry,['9.8oz(280g)'],asian
20,dongwon canned cabbage kimchi,['5.6oz(160g)'],asian
21,ottogi 3 minutes spicy sauce with kimchi & tuna sauce,['5.29oz(150g)'],asian
22,ottogi 3 minutes curry medium hot flavor,['6.7oz(190g)'],asian
23,beksul dadam beef bone stock soup,['3.52oz(100g) (20g x 5ea)'],asian
24,choripdong boryung daechun roasted seaweed laver,['0.21oz(6g) 12 packs'],asian
25,sempio sesame leaves in spicy sauce,['2.4oz(70g)'],asian
26,dongwon tuna with hot pepper sauce,['5.29oz(150g) 4 cans'],asian
27,samyang samyang ramen,['4.23oz(120g) 5 packs'],asian
28,ottogi 3 minutes spicy sauce with octopus ,['5.29oz(150g)'],asian
29,ottogi cooked rice spicy sauce with octopus,['8.82oz(250g)'],asian
30,nongshim onion flavored ring,['3.17oz(90g)'],asian
31,nongshim zha wang,['4.72oz(134g) 4 packs'],asian
32,ottogi cooked rice kimchi and tuna flavor,['9.88oz(280g)'],asian
33,cj cooked white rice with bean sprout soup,['9.52oz(270g)'],asian
34,ottogi jin jjambbong spicy seafood noodle,['4.58oz(130g) 4 packs'],asian
35,crown corn chip big size,['5.22oz(148g)'],asian
36,s&b golden curry sauce mix hot,['7.8oz(220g)'],asian
37,organic farm roasted organic chestnut with shell,['5.3oz(150g)'],asian
38,ottogi spicy beef flavored soup,['1.47oz(42g)'],asian
39,orion wang seasoned goraebab,['1.97oz(56g)'],asian
40,crown choco heim big size 10oz(284g),[],asian
41,ottogi 3 minutes curry mild flavor,['6.7oz(190g)'],asian
42,dongwon rice porridge with abalone 10.16oz(288g),['0.16oz(288g)'],asian
43,maxim mocha gold mild coffee mix,['0.42oz(12g) 100 sticks'],asian
44,ottogi beef bone vegetable soup,['0.77oz(22g)'],asian
45,nongshim cuttlefish snack,['1.94oz(55g)'],asian
46,chung jung one sunchang 100% brown rice red pepper paste,['1.1lb(500g)'],asian
47,haioreum bai top shell 14.1oz(400g),['4.1oz(400g)'],asian
48,orion custard,['9.73oz(23g) 12 packs'],asian
49,choung soo mul naengmyeon (korean cold noodle) 25.40oz(720g),['5.40oz(720g)'],asian
50,nongshim jang kal guk su spicy flavor,['4.06oz(115g) 4 packs'],asian
51,antme's food premium grain crispy roll 21,['6.35oz(180g)'],asian
52,cj bibigo soybean paste stew 16.2oz(460g),['6.2oz(460g)'],asian
53,orion o! karto chilli chilli,['4.06oz(115g)'],asian
54,s&b golden curry sauce mix medium hot,['7.8oz(220g)'],asian
55,chongga cut cabbage kimchi (mat kimchi) 17.6oz(500g),['7.6oz(500g)'],asian
56,indomie mi goreng fried noodles 3oz(85g) 5 packs,[],asian
57,ottogi dried pollack soup,['1.12oz(32g)'],asian
58,nongshim potato flavored snack,['1.93oz(55g)'],asian
59,glico pocky chocolate cream covered biscuit sticks,['4.13oz(117g) 9 packs'],asian
60,q1 sweet korean pancake mix original,['1.21lb(550g)'],asian
61,ottogi seaweed soup,['0.63oz(18g)'],asian
62,nongshim champong noodle soup,['4.58oz(130g) 4 packs'],asian
63,paldo bul jjamppong noodle soup,['4.90oz(139g) 4 packs'],asian
64,chongga dried radish kimchi 7oz(200g),[],asian
65,crown jolly pong big size,['6.98oz(198g)'],asian
66,ottogi sesame flavor ramen,['4.05oz(115g) 5 packs'],asian
67,ottogi jin ramen cup mild flavor,['2.3oz(65g) 6 cups'],asian
68,lotte moncher cacao cake 13.6oz(384g) 12 pieces,['3.6oz(384g) 12 pieces'],asian
69,dongwon yangban perilla oil seasoned laver 9 packs,[],asian
70,sempio sesame leaves in soy sauce,['2.4oz(70g)'],asian
71,crown white heim big 10oz(284g),[],asian
72,mukkomokko pororo dried rice cake hot sauce,['4.2oz(120g)'],asian
73,ottogi jin ramen cup hot flavor,['2.3oz(65g) 6 cups'],asian
74,samyang samyang ramen,['4.23oz(120g) 20 packs'],asian
75,danya soba tsuyu 16.7 fl.oz(500ml),['6.7 fl.oz(500ml)'],asian
76,beksul korean pan cake mix,['2.2lb(1kg)'],asian
77,nongshim ansung tang myun,['4.4oz(125g) 4 packs'],asian
78,dongwon rice porridge with pumpkin 10.05oz(285g),['0.05oz(285g)'],asian
79,nestle kit kat mini otona no amasa(sweetness for adults) green tea,['4.7oz(133g)'],asian
80,cj brown rice & brown sweet rice (barn barn mee) 15lb(6.8kg),['6.8kg)'],asian
81,choripdong korean traditional cookie 11.28oz(320g),['1.28oz(320g)'],asian
82,crown choco pie value pack,['1.05oz(29g) 24 packs box'],asian
83,cj hetbahn cooked sprouted brown rice,['7.4oz(210g) 3 ea'],asian
84,want want rice crackers senbei,['3.95oz(112g)'],asian
85,sempio braised anchovies in soy sauce,['1.76oz(50g)'],asian
86,ottogi abalone rice porridge 10.05oz(285g),['0.05oz(285g)'],asian
87,paldo jjajangmen,['7.16oz(203g) 4 packs'],asian
88,haitai ace cracker big size 12.84oz(364g),['2.84oz(364g)'],asian
89,s&b golden curry sauce mix mild,['7.8oz(220g)'],asian
90,ottogi ppushu ppushu dduckboki flavor,['3.17oz(90g)'],asian
91,tong tong bay roasted dried squid,['1.5oz(43g)'],asian
92,choripdong ginseng chicken soup (samgyetang) preparation 10oz(284g),[],asian
93,lotte kancho choco biscuit,['1.48oz(42g)'],asian
94,cj hetbahn cooked white rice,['7.4oz(210g) 6 ea'],asian
95,ktown sesame coconut cracker big size 11.29oz(320g),['1.29oz(320g)'],asian
96,choripdong korean traditional cookie (yak-gwa),['3.52oz(100g)'],asian
97,ottogi korean vermicelli 35.27oz(1kg),['5.27oz(1kg)'],asian
98,s&b golden curry sauce mix extra hot flavor,['7.8oz(220g)'],asian
99,kwangcheon premium green tea seasoned laver gift box,['0.7oz(20g) 10 packs'],asian
100,haio premium roasted seaweed (green laver),['0.71oz(20g) 4 packs'],asian
101,haio premium roasted seaweed green laver,['0.15oz(4.25g) 8 packs'],asian
102,namyang french cafe coffee mix,['0.38oz(10.9g) 100 sticks'],asian
103,lotte pepero almond multi pack line friends,['4.51oz(128g)'],asian
104,joeun korean style popcorn,['5.99oz(170g)'],asian
105,haioreum aloe vera original 16.9oz(500ml),['6.9oz(500ml)'],asian
106,haio premium roasted seaweed,['0.15oz(4.25g) 8 packs'],asian
107,house foods chinese mabo tofu sauce hot flavor,['5.3oz(150g)'],asian
108,ottogi jjajang noodle,['4.76oz(135g) 5 packs'],asian
109,haioreum korean style noodles somen 3lb(1.4kg),['1.4kg)'],asian
110,q1 sesame bread mix 17.6oz(500g),['7.6oz(500g)'],asian
111,cj bibigo beef bone broth soup 17.6oz(500g),['7.6oz(500g)'],asian
112,haioreum honey citron tea,['2.2lb(1kg)'],asian
113,orion turtle chips cornsoup flavor big size,['5.6oz(160g)'],asian
114,glico pocky strawberry cream covered biscuit sticks,['3.81oz(108g) 9 packs'],asian
115,dongwon canned bai-top shell 14.1oz(400g),['4.1oz(400g)'],asian
116,yu dong bai top shell 14.1oz(400g),['4.1oz(400g)'],asian
117,kokuho rice yellow 15lb(6.8kg),['6.8kg)'],asian
118,paldo rabokki noodle,['5.11oz(145g) x 4packs'],asian
119,haioreum 100% pure sesame oil,['6.2oz(177ml)'],asian
120,crown couque dasse white torte 10.15oz(288g),['0.15oz(288g)'],asian
121,haioreum strawberry flavored milk drink,['6.76 fl.oz(200ml) 6 packs'],asian
122,haio premium roasted seaweed (laver),['0.71oz(20g) 4 packs'],asian
123,beksul furikake rice seasoning vegetable flavor,['0.95oz(27g)'],asian
124,nongshim postick snack,['2.46oz(70g)'],asian
125,chongga young radish leaves kimchi 17.6oz(500g),['7.6oz(500g)'],asian
126,crown couque dasse vienna coffee 10.15oz(288g),['0.15oz(288g)'],asian
127,paldo kokomen spicy chicken flavor,['4.2oz(120g) 5 packs'],asian
128,crown butter waffles 11.14oz(316g),['1.14oz(316g)'],asian
129,lotte pepero original multi pack line friends,['6.35oz(180g)'],asian
130,chung jung one sunchang gochujang hot pepper paste,['1.1lb (500g)'],asian
131,chung jung one sunchang 100% brown rice red pepper paste spicy,['2.2lb(1kg)'],asian
132,koala wonjo butter flavour corn snack 10.65oz(302g),['0.65oz(302g)'],asian
133,yu dong canned mackerel pike 14.1oz(400g),['4.1oz(400g)'],asian
134,chung jung one sunchang soybean paste shellfish anchovy flavor 15.9oz(450g),['5.9oz(450g)'],asian
135,want want shelly senbei rice crackers,['5.29oz(150g)'],asian
136,ohsung yes! chips! sweet potato bites with black sesame,['3.5oz(100g)'],asian
137,tong tong bay spicy dried squid,['1.5oz(43g)'],asian
138,ottogi corn cream soup,['2.82oz(80g)'],asian
139,haio yaki sushi nori,['0.98oz(28g) 10 sheets'],asian
140,house foods chinese mabo tofu sauce medium hot flavor,['5.3oz(150g)'],asian
141,dongwon boiled mackerel pike 14.1oz(400g),['4.1oz(400g)'],asian
142,chung jung one o'food mild doenjang (original soybean paste),['1.1lb(500g)'],asian
143,ottogi sesame flavor noodle bowl,['3.88oz(110g)'],asian
144,orion o! karto cream & cheese flavor,['4.06oz(115g)'],asian
145,chongga fermented kimchi (muk eun ji),['2.2lb(1kg)'],asian
146,ottogi curry powder medium hot,['3.52oz(100g)'],asian
147,haioreum japanese style buckwheat noodles 3lb(1.4kg),['1.4kg)'],asian
148,nongshim chapagetti chajang noodle,['4.5oz(127g) 16 packs'],asian
149,haitai butterring cookie big size 10.65oz(302g),['0.65oz(302g)'],asian
150,lotte moncher cream cake 13.6oz(384g) 12 pieces,['3.6oz(384g) 12 pieces'],asian
151,ottogi ppushu ppushu bulgogi flavor,['3.17oz(90g)'],asian
152,cj bibigo seaweed soup 17.6oz(500g),['7.6oz(500g)'],asian
153,ottogi curry powder hot,['3.52oz(100g)'],asian
154,ottogi wheat noodle thin round 31.7oz(900g),['1.7oz(900g)'],asian
155,ottogi 3 minutes hashed brown sauce ,['6.35oz(180g)'],asian
156,ottogi red bean rice porridge 10.05oz(285g),['0.05oz(285g)'],asian
157,chung jung one sunchang gochujang hot pepper paste,['2.11oz(60gx3ea)'],asian
158,haio premium roasted seaweed (laver),['0.71oz(20g) 4 packs'],asian
159,chongga fried kimchi,['6.7oz(190g)'],asian
160,cheong woo rice cake cookie,['9.1oz(258g)'],asian
161,ohsung yes! chips! shrimp chips,['3.7oz(105g)'],asian
162,sempio braised black beans in soy sauce,['2.4oz(70g)'],asian
163,chung jung one hot mustard paste,['1.23oz(35g)'],asian
164,haioreum ginger tea with honey,['2.2lb(1kg)'],asian
165,ottogi beef bone stock 11.8oz(350ml),['1.8oz(350ml)'],asian
166,chongga soy paste perilla leaf,['5.3oz(150g)'],asian
167,beksul furikake rice seasoning seafood flavor,['0.95oz(27g)'],asian
168,choung soo bibim naengmyeon (korean spicy cold noodle) 25.40oz(720g),['5.40oz(720g)'],asian
169,seoul trading samsugabsan rice 10lb(4.54 kg),['4.54 kg)'],asian
170,haioreum 100% pure sesame oil 12.5 fl.oz(370ml),['2.5 fl.oz(370ml)'],asian
171,shirakiku marukyo dorayaki - chestnut (baked red bean cake) 10.23oz(290g) 5 pieces,['0.23oz(290g) 5 pieces'],asian
172,haio canned mackerel pike 14.1oz(400g),['4.1oz(400g)'],asian
173,chung jung one sunchang 100% brown rice red pepper paste,['2.2lb(1kg)'],asian
174,lotte cheetos barbeque flavor,['6.27oz(178g)'],asian
175,badaaechan suhyup premium roasted seaweed less sodium,['0.7oz(20g) 10 packs'],asian
176,nongshim kal guk soo korean style noodle soup,['3.45oz(98g) 5 packs'],asian
177,chongga white kimchi (baek kimchi) 17.6oz(500g),['7.6oz(500g)'],asian
178,ottogi mushroom cream soup,['2.82oz(80g)'],asian
179,chung jung one traditional vermicelli,['1.1lb(500g)'],asian
180,kwangcheon green tea seaweed snack packs,['0.17oz(5g) 16 packs'],asian
181,house foods vermont curry sauce mix hot,['8.8oz(250g)'],asian
182,cj cooked white rice bulgogi flavored mushroom sauce,['8.72oz(247g)'],asian
183,beksul frying mix,['2.2lb(1kg)'],asian
184,lotte margaret cookie multi pack 13.97oz(396g),['3.97oz(396g)'],asian
185,samlip nuneddine,['4.23oz(120g)'],asian
186,cj cooked white rice mushroom & thistle bibimbap,['6.67oz(189g)'],asian
187,orion peanut crunch big size,['5.89oz(167g)'],asian
188,choripdong roasted seaweed laver,['0.42oz (5 sheet) 5 packs'],asian
189,organic farm organic mixed grains (10 different kinds) 3lb(1.36kg),['1.36kg)'],asian
190,yu dong boiled silkworm pupa,['4.58oz(130g)'],asian
191,house foods curry sauce hot 7oz(200g),[],asian
192,arizona farm honey powder 1lb(454g),[],asian
193,samyang chang gu - honey dipped snack,['4.06oz(115g)'],asian
194,indomie mi goreng fried noodles hot and spicy,['2.8oz(80g) 5 packs'],asian
195,crown vic pie strawberry 11.43oz(324g) 18 pieces,['1.43oz(324g) 18 pieces'],asian
196,foodcell goongjoong vermicelli,['1.5lb(680g)'],asian
197,haioreum melon flavored milk drink,['6.76oz(200ml) 6 packs'],asian
198,sahmyook black bean soy milk calcium,['6.5oz(195ml) 24 packs'],asian
199,chung jung one soonchang soybean paste,['2.2lb(1kg)'],asian
200,beksul sesame oil 10.8 fl.oz(320ml),['0.8 fl.oz(320ml)'],asian
201,pulmuone crispy seaweed to go packs,['0.16oz(4.5g) 12 packs'],asian
202,danya japanese style buckwheat noodles 3lb(1.4kg),['1.4kg)'],asian
203,ottogi dried seaweed,['8.82oz(250g)'],asian
204,nongshim potato noodle soup,['4.1oz(117g) 4 packs'],asian
205,chung woo chocolate pie & rice cake,['9.1oz(258g)'],asian
206,ottogi spice seafood noodle,['4.23oz(120g) 5 packs'],asian
207,lotte corn snack big size,['5.08oz(144g)'],asian
208,house foods curry sauce med hot 7oz(200g),[],asian
209,house foods chinese mabo tofu sauce mild flavor,['5.3oz(150g)'],asian
210,kokuho rose rice 15lb(6.8kg),['6.8kg)'],asian
211,tong tong bay seasoned dried squid,['1.5oz(43g)'],asian
212,dongsuh corn tea 300g(10g x 30t),[],asian
213,sempio premium yangjo soy sauce 501 s 31.4oz(930ml),['1.4oz(930ml)'],asian
214,house foods vermont curry sauce mix medium hot,['8.8oz(250g)'],asian
215,chongga pickled mustard leaves and stems kimchi (dolsan kat kimchi) 17.6oz(500g),['7.6oz(500g)'],asian
216,nongshim tempura udon noodle soup big bowl,['4.02oz(114g)'],asian
217,ktown meloni sweet melon cream cracker big size 11.29oz(320g),['1.29oz(320g)'],asian
218,haio red pepper paste mild hot,['2.2lb(1kg)'],asian
219,haio pancake mix 2lb(907g),[],asian
220,chung jung one fermented brown rice vinegar 16.9oz(500ml),['6.9oz(500ml)'],asian
221,kwangcheon premieum green tea seaweed gift box,['0.7oz(20g) 10 packs'],asian
222,dongwon rice porridge with chestnut and red bean 10.16oz(288g),['0.16oz(288g)'],asian
223,ottogi jinjja jjolmyeon,['5.29oz(150g) 4 packs'],asian
224,lotte choco pie original 12oz(336g) 12 pcs,[],asian
225,lotte yogurt jelly,['1.76oz(50g)'],asian
226,ottogi yeul ramen hot taste ,['4.23oz(120g) 5 packs'],asian
227,chung jung one cooking oligosaccharide (isomalto oligo syrup),['1.54lb(700g)'],asian
228,dongsuh brown rice green tea 75g(1.5g x 50t),['1.5g x 50t)'],asian
229,organic farm organic mixed grains (7 different kinds of grains) 3lb(1.36kg),['1.36kg)'],asian
230,cj hetbahn cooked sprouted brown rice box,['7.4oz(210g) 12 ea'],asian
231,house foods vermont curry sauce mix  mild,['8.8oz(250g)'],asian
232,dongwon rice porridge with pine nuts 10.16oz(288g),['0.16oz(288g)'],asian
233,sempio soy sauce jin gold f3 31.4oz(930ml),['1.4oz(930ml)'],asian
234,glico pocky cookies and cream covered biscuit sticks,['4.57oz(129.6g) 9 packs'],asian
235,dongsuh barley tea 30 tea bags,[],asian
236,ohsung yes! chips! garlic shrimp chips,['3.35oz(95g)'],asian
237,ohsung yes! chips! roasted corn crisps,['5.11oz(145g)'],asian
238,chung jung one premium somen korean noodles,['3.3lb(1.5kg)'],asian
239,chongga chongga garlic stem in soy sauce,['5.3oz (150g)'],asian
240,dongsuh solomon's seal tea 60g(1.2g x 50t),['1.2g x 50t)'],asian
241,ottogi rice tteok-bokki 15.02oz(426g),['5.02oz(426g)'],asian
242,chongga assorted garlic pickle with chili paste,['5.3oz(150g)'],asian
243,chung jung one rice syrup 24.7oz(700g),['4.7oz(700g)'],asian
244,marukyo shirakiku baked bean cake,['8.88oz(252g)'],asian
245,dongsuh pure barley tea 150g(10g x 15t),[],asian
246,chung jung one dried seaweed,['5.29oz(150g)'],asian
247,pulmuone tofu broth soup seasoning original spicy flavor,['1.48oz(42g)'],asian
248,raw nature sweet rice 4lb(64oz),[],asian
249,damizle red ginseng honey ginger tea,['1.13oz(32g) 12 sticks'],asian
250,ottogi odongtong myon (seafood) spicy flavor,['4.23oz(120g) 5 packs'],asian
251,chung jung one instant soup stock (beef),['2.2lb(1kg)'],asian
252,nishiki premium grade rice 15lb(6.8kg),['6.8kg)'],asian
253,ktown mellow pie big size 11.43oz(324g),['1.43oz(324g)'],asian
254,maxim white gold coffee mix,['0.42oz(12g) 100 sticks'],asian
255,ottogi soup tteok-bokki 15.02oz(426g),['5.02oz(426g)'],asian
256,samyang sattobab,['2.36oz(67g)'],asian
257,haio thick wheat noodle jajang guk su 3lb(1.36kg),['1.36kg)'],asian
258,chung jung one sunchang 100% brown rice red pepper paste less spicy,['1.1lb(500g)'],asian
259,foodcell janchi vermicelli 12oz(340g),[],asian
260,haio fresh flat wheat noodle kalguksu 3lb(1.36kg),['1.36kg)'],asian
261,pulmuone air dried mild ramen,['3.38oz(96g) 4 packs'],asian
262,chung jung one jewel of sinan island natural premium sea salt for kimchi,['2.2lb(1kg)'],asian
263,pulmuone spicy beef flavored ramen noodle soup,['4.26oz(121g) 4 packs'],asian
264,want want shelly senbei rice crackers,['4.3oz(122g)'],asian
265,ottogi dried sea tangle,['7.05oz(200g)'],asian
266,ito en oi ocha unsweetened green tea 16.9 fl.oz(500ml),['6.9 fl.oz(500ml)'],asian
267,organic farm organic short grain rice 3lb(1.36kg),['1.36kg)'],asian
268,chongga korean lettuce kimchi (godulbbaegi),['5.3oz(150g)'],asian
269,chung jung one salted anchovy sauce,['2.2lb(1kg)'],asian
270,haioreum korean style bbq sauce beef bulgogi marinade,['2.11lb(960g)'],asian
271,chongga seasoned perilla leaves 7oz(200g),[],asian
272,ottogi snack ramen,['3.04oz(108g) 5 packs'],asian
273,orion turtle chips cornsoup multi pack box 19.75lb(560g) (80g x 7ea),['9.75lb(560g) (80g x 7ea)'],asian
274,nongshim gamjatang myun,['4.69oz(133g) 4 packs'],asian
275,cj korean bbq sauce beef bulgogi marinade 17.6oz(500g),['7.6oz(500g)'],asian
276,crown crown sando strawberry cream cheese,['5.68oz(161g)'],asian
277,choripdong roasted grain powder with black bean,['2.2lb(1kg)'],asian
278,beksul dark brown sugar,['2.2lb(1kg)'],asian
279,beksul furikake rice seasoning cheese flavor,['0.95oz(27g)'],asian
280,cj bibigo oven baked brown rice seaweed crisps bbq flavor,['0.70oz(20g)'],asian
281,pulmuone dry miso soup,['0.28oz(8g) 5 packs'],asian
282,crown corn chee,['2.93oz(83g)'],asian
283,ottogi curry powder mild,['3.52oz(100g)'],asian
284,q1 sweet pumpkin korean pancake mix,['1.21lb(550g)'],asian
285,chung jung one anchovy and bonito spice mix,['8.82oz(250g)'],asian
286,chung jung one low sodium naturally brewed soy sauce 28.4oz(840ml),['8.4oz(840ml)'],asian
287,chongga canned kimch (fried),['5.64oz(160g)'],asian
288,samyang sutah ramen,['4.23oz(120g) 5 packs'],asian
289,chung jung one sunchang soy bean paste 15.9oz(450g),['5.9oz(450g)'],asian
290,mizkan oigatsuo tsuyu soup base 16 fl.oz(473ml),[],asian
291,abc assorted jelly 49.4oz(1.4kg),['9.4oz(1.4kg)'],asian
292,dongwon canned bai-top shell (hot) 14.1oz(400g),['4.1oz(400g)'],asian
293,yu dong canned mackerel 14.1oz(400g),['4.1oz(400g)'],asian
294,raw nature brown rice 4lb(1.81kg),['1.81kg)'],asian
295,banh trang spring rolls skin 12oz(345g),[],asian
296,haioreum korean style bbq sauce beef kalbi marinade,['2.11lb(960g)'],asian
297,crown poteau cheese tarte 11.36oz(322g),['1.36oz(322g)'],asian
298,fuji apple gift box 1 box fuji apple gift box 1 box,[],asian
299,ottogi cooked rice bibimbap,['8.22oz(233g)'],asian
300,house foods curry sauce mild 7oz(200g),[],asian
301,dongwon crispy laver snack almond,['0.71oz(20g) 6 packs'],asian
302,foodcell vermicelli,['1.1lb(500g)'],asian
303,chung jung one mild ssamjang (original seasoned soybean paste),['2.2lb(1kg)'],asian
304,nongshim onion flavored rings,['1.76oz(50g)'],asian
305,sempio naturally brewed soy sauce 701 31.4oz(930ml),['1.4oz(930ml)'],asian
306,kwangcheon green tea seasoned laver,['2.1oz(60g) 1+1 pack'],asian
307,raw nature brown sweet rice 4lb(1.81kg),['1.81kg)'],asian
308,samyang korean gomtang ramen,['3.88oz(110g) 5 packs'],asian
309,organic farm organic brown rice 3lb(1.36kg),['1.36kg)'],asian
310,chung jung one cooking syrup 24.7oz(700g),['4.7oz(700g)'],asian
311,cj bibigo crispy roasted seaweed,['0.71oz(20g) 4 packs'],asian
312,raw nature sweet rice 2lb(907g),[],asian
313,paldo spicy seafood noodle soup,['4.2oz(120g) 5 packs'],asian
314,crown caramel corns and peanuts,['2.54oz(72g)'],asian
315,tarami konjac jelly peach,['5.29oz(150g)'],asian
316,sempio chosun ganjang naturally brewed soy sauce for soup 31.4 fl.oz(930ml),['1.4 fl.oz(930ml)'],asian
317,chung jung one oligo syrup corn 24.7oz(700g),['4.7oz(700g)'],asian
318,vita lemon tea,['8.45 fl.oz(250ml) 6 packs'],asian
319,paldo namja ramen,['4.06oz(115g) 5 packs'],asian
320,organic farm premium organic haiga mai rice 3lb(1.36kg),['1.36kg)'],asian
321,crown kook hee biscuit 13.1oz(372g),['3.1oz(372g)'],asian
322,raw nature mixed grains 5lb(2.26kg),['2.26kg)'],asian
323,tarami konjac jelly grape,['5.29oz(150g)'],asian
324,haru haru medium grain milled rice,['4.4lb(2kg)'],asian
325,dr. j vegemil black bean high calcium soymilk,['6.43oz(190ml) 24 packs'],asian
326,paldo jang ramyun (soy flavor noodle) ,['4.23oz(120g) 5 packs'],asian
327,haioreum powdered enzyme amylase 1lb(453g),[],asian
328,chung jung one hong cho korean blackberry 30.41 fl.oz(900ml),['0.41 fl.oz(900ml)'],asian
329,haioreum korean style somen noodle 5lb(2.26kg),['2.26kg)'],asian
330,ottogi sesame oil,['5.44oz(160ml)'],asian
331,haio ume plum tea with honey,['2.2lb(1kg)'],asian
332,ottogi snack ramen cup,['2.19oz(62g) 6 cups'],asian
333,haioreum haio dried seaweed 5oz(142g),[],asian
334,choripdong roasted grain powder with green tea,['2.2lb(1kg)'],asian
335,organic farm organic brown rice & organic brown sweet rice 50/50 blend 3lb(1.36kg),['1.36kg)'],asian
336,organic farm organic whole barley 3lb(1.36kg),['1.36kg)'],asian
337,sangaria royal milk tea,['8.96 fl.oz(265ml)'],asian
338,orion choco boy big size,['5.07oz(144g)'],asian
339,lotte kancho choco biscuit multi pack,['5.92oz(168g)'],asian
340,kadoya pure sesame oil 11 fl.oz(325ml),[],asian
341,haru haru brown rice 15lb(6.8kg),['6.8kg)'],asian
342,raw nature black rice 4lb(64oz),[],asian
343,haio asian style noodle somen 3lb(1.36kg),['1.36kg)'],asian
344,huy fong foods sriracha chilli sauce 17oz(482g),[],asian
345,tarami konjac jelly apple,['5.29oz(150g)'],asian
346,chung jung one unpolished rice vinegar 30.43oz(900ml),['0.43oz(900ml)'],asian
347,ottogi seasoned red pepper paste 17.5oz(500g),['7.5oz(500g)'],asian
348,"damizle walnut, almond, adlay tea",['0.7oz(20g) 50 bags'],asian
349,haru haru mai brown rice & brown sweet rice 15lb(6.8kg),['6.8kg)'],asian
350,nongshim chal bibim myun ,['4.58oz(130g) 5 packs'],asian
351,ottogi pork cutlet sauce 16.45oz(470g),['6.45oz(470g)'],asian
352,chung jung one naturally brewed soy sauce 28.4oz(840ml),['8.4oz(840ml)'],asian
353,orion goraebob fried spicy seasoning multi pack box 21.16oz(600g) (40g x 15ea),['1.16oz(600g) (40g x 15ea)'],asian
354,chung jung one isomalto oligo rice syrup rice 24.7oz(700g),['4.7oz(700g)'],asian
355,organic farm organic black bean 3lb(1.36kg),['1.36kg)'],asian
356,chung jung one corn syrup 24.7oz(700g),['4.7oz(700g)'],asian
357,ottogi sweet pumpkin porridge 10.05oz(285g),['0.05oz(285g)'],asian
358,chung jung one fine seasoning salt 17.6oz(500g),['7.6oz(500g)'],asian
359,abc fruity jelly snack assorted flavor,['4.33oz(122g) 6 cups'],asian
360,kwangcheon green tea seaweed (green laver) snack packs,['0.17oz(5g) 16 packs'],asian
361,haitai choco homerun ball 12 packs multi pack 19.47oz(552g),['9.47oz(552g)'],asian
362,cj dasida anchovy soup stock 10.6oz(300g),['0.6oz(300g)'],asian
363,raw nature black bean with green kernels 4lb(1.81kg),['1.81kg)'],asian
364,glico pocky matcha,['2.47oz(70g)'],asian
365,samhae sushi laver for triangle rice ball,['0.35oz(10g) 10 sheets'],asian
366,haio red pepper powder coarse,['2.2lb(1kg)'],asian
367,chaokoh coconut milk 13.5 fl.oz(400ml),['3.5 fl.oz(400ml)'],asian
368,raw nature brown rice brown sweet rice 15lb(6.8kg),['6.8kg)'],asian
369,shirakiku nori maki arare,[],asian
370,ottogi egg and vegetable rice porridge 10.05oz(285g),['0.05oz(285g)'],asian
371,chung jung one tonkatsu sauce for pork cutlet,['8.8oz(250g)'],asian
372,paldo seafood flavor noodle soup,['2.29oz(65g) 6 cups'],asian
373,raw nature premium nutri pearl barley 4lbs(1.81kg),['1.81kg)'],asian
374,paldo pororo apple flavor juice drink,['7.95 fl.oz(235ml)'],asian
375,haio frying mix 2lb(907g),[],asian
376,shinsyu-ichi instant miso soup green onion,['6.21oz(176g)'],asian
377,samyang beef ramen hot flavor,['4.23oz(120g) 5 packs'],asian
378,tarami konjac jelly mango,['5.29oz(150g)'],asian
379,lotte pepero white chocolate multi pack line friends,['4.52oz(128g)'],asian
380,danya somen japanese style noodle 3lb(1.36kg),['1.36kg)'],asian
381,shirakiku japanese buckwheat noodles zaru soba 31.8oz(900g),['1.8oz(900g)'],asian
382,organic farm 100% organic brown sweet rice 3lb(1.36kg),['1.36kg)'],asian
383,damizle red ginseng honey herb tonic tea,['1.13oz(32g) 12 sticks'],asian
384,shinsyu-ichi instant miso soup - tofu,[],asian
385,chung jung one hong cho blueberry 30.41 fl.oz(900ml),['0.41 fl.oz(900ml)'],asian
386,littlesheep hot pot soup base spicy,['8.29oz(235g)'],asian
387,haioreum roasted sesame seed 8oz(226g),[],asian
388,chung woo grandshell apple,['9.6oz(273g)'],asian
389,chung jung one prepared mustard,['0.2oz(95g)'],asian
390,chung jung one naturally brewed jorim soy sauce 29.63oz(840ml),['9.63oz(840ml)'],asian
391,sunshine moonlight koshihikari short grain rice 15lb(6.8kg),['6.8kg)'],asian
392,haio oriental style noodles 3lb(1.4kg),['1.4kg)'],asian
393,haioreum soy milk plain,['6.76oz(200ml) 24 packs'],asian
394,chung jung one honey mustard sauce 11.29oz(320g),['1.29oz(320g)'],asian
395,chung jung one sunchang 100% brown rice red pepper paste less spicy,['2.2lb(1kg)'],asian
396,shinsyu-ichi instant miso soup wakame seaweed,['6.21oz(176g)'],asian
397,choripdong green tea with brown rice,['0.05oz(1.5g) 100 tea bags'],asian
398,haioreum jujube tea with honey,['2.2lb(1kg)'],asian
399,damizle red ginseng honey jujube tea,['1.13oz(32g) 12 sticks'],asian
400,haio red pepper powder fine,['2.2lb(1kg)'],asian
401,dongwon yangban roasted laver sprinkled with sesame seeds,['0.17oz(5g) 16 packs'],asian
402,sempio gourmet seasoning sauce (stir-fry) 450g (15.8oz),['5.8oz)'],asian
403,raw nature red bean 4lb(1.81kg),['1.81kg)'],asian
404,crown caramel corn maple big size,['5.43oz(154g)'],asian
405,haio soybean paste,['2.2lb(1kg)'],asian
406,paldo king cup noodle namja ramyun,['3.7oz(105g)'],asian
407,haio yaki sushinori premium roasted laver 10.6oz(300g) 100 sheets,['0.6oz(300g) 100 sheets'],asian
408,lotte kancho choco biscuit cup,['3.35oz(95g)'],asian
409,organic farm organic red bean 3lb(1.36kg),['1.36kg)'],asian
410,nongshim shin ramyun noodle soup big bowl,['4.02oz(114g)'],asian
411,paldo king cup noodle beef flavor with vegetable,['3.7oz(105g)'],asian
412,chung jung one seafood spice mix,['8.82oz(250g)'],asian
413,ottogi vermont curry gold hot,['3.52oz(100g)'],asian
414,chung jung one chinese style spicy seafood soup powder,['3.3oz(96g)'],asian
415,chung jung one organic cane sugar dark 1lb(454g),[],asian
416,chung jung one organic cane sugar 1lb(454g),[],asian
417,jingmailang instant noodle chicken & mushroom flavour,['3.85oz(109g) 5 packs'],asian
418,jingmailang instant noodle spicy hot beef flavour,['3.91oz(111g) 5 packs'],asian
419,lotte choco pie banana,['0.98oz(28g) 12 pcs'],asian
420,himorn vietnamese spring roll sauce 10oz(295ml),[],asian
421,lee kum kee premium oyster flavored sauce 18oz(510g),[],asian
422,ottogi bonito soup base concentrate 12.17oz(360ml),['2.17oz(360ml)'],asian
423,paldo hwa ramen hot & spicy with soy peptide,['4.23oz(120g) 5 packs'],asian
424,paldo pororo strawberry flavor juice drink,['7.95 fl.oz(235ml)'],asian
425,pulmuone air dried spicy ramen,['3.38oz(96g) 4 packs'],asian
426,beksul plum flavored extract,['2.2lb(1kg)'],asian
427,namyang french cafe coffee mix arabica gold label 100 sticks,[],asian
428,milkita vanilla shake candy,['4.23oz(120g)'],asian
429,vita chrysanthemum tea,['8.45oz(250ml) pack of 6'],asian
430,haio red pepper powder fine 4lb(1.82kg),['1.82kg)'],asian
431,raw nature peeled pearl barley 4lb(64oz),[],asian
432,samyang samyang ramen cheese,['4.23oz(120g) 5 packs'],asian
433,house foods java curry sauce mix hot,['6.52oz(185g)'],asian
434,haru haru brown rice & brown sweet rice,['4.4lb(2kg)'],asian
435,chung jung one roasted solar salt,['1.1lb(500g)'],asian
436,paldo volcano chicken noodle,['4.93oz(140g) 4 packs'],asian
437,crown sobok sobok soboro,['8.47oz(240g)'],asian
438,sempio gourmet seasoning sauce for soup 14.1oz(400g),['4.1oz(400g)'],asian
439,samyang hot chicken flavor sauce,['7.05oz(200g)'],asian
440,organic farm organic mixed beans 3lb(1.36kg),['1.36kg)'],asian
441,vita lime lemon tea,['8.45 fl.oz(250ml) 6 packs'],asian
442,choripdong mixed 7 grains 5lb(2.27 kg),['2.27 kg)'],asian
443,haioreum korean style bbq beef bulgogi sauce 17.6oz(520ml),['7.6oz(520ml)'],asian
444,bull dog tonkatsu sauce - vegetable & fruit (semi-sweet) 10.1oz(300ml),['0.1oz(300ml)'],asian
445,chongga kimchi ramen,['4.23oz(140g) 6 cups'],asian
446,jingmailang instant noodle beef flavor & sour pickled cabbage,['4.24oz(120g) 5 packs'],asian
447,asha foods hakka wide noodle spicy sesame oil flavor,['3.35oz(95g) 5 packs'],asian
448,milkita strawberry shake candy,['4.23oz(120g)'],asian
449,ohsung kimchi flavor bowl noodle soup with soy peptide,['3.03oz(86g) 12 cups'],asian
450,m.y. san sky flakes crackers 28.21oz(800g),['8.21oz(800g)'],asian
451,chung jung one oyster sauce spicy seafood flavor,['8.8oz(250g)'],asian
452,prima taste singapore laksa la mian noodle,['6.5oz(185g) 4 packs'],asian
453,prima taste singapore chili crab flavored la mian noodle,['5.6oz(160g) 4 packs'],asian
454,haio gompyo wheat flour,['5.5lb(2.5kg)'],asian
455,paldo pororo milk flavor juice drink,['7.95floz(235ml)'],asian
456,ito en oi ocha jasmine tea 16.9 fl.oz(500ml),['6.9 fl.oz(500ml)'],asian
457,raw nature whole grain brown rice 15lb(6.8kg),['6.8kg)'],asian
458,organic farm organic soy bean 3lb(1.36kg),['1.36kg)'],asian
459,asha foods mandarin medium noodle onion sauce,['3.35oz(95g) 5 packs'],asian
460,haru haru brown rice,['4.4lb(2kg)'],asian
461,shirakiku zaru soba,['2.99lb(1.36kg)'],asian
462,glico pocky chocolate banana,['2.47oz(70g)'],asian
463,xiang piao piao lan fong yuen milk tea,['9.47oz(280ml)'],asian
464,vita ceylon lemon tea,['8.45 fl.oz(250ml) 6 packs'],asian
465,ottogi jin ramen cup hot flavor,['3.88oz(110g)'],asian
466,jingmailang instant noodle stew beef flavour,['3.88oz(110g) 5 packs'],asian
467,vita honey chrysanthemum tea,['8.45 fl.oz(250ml) 6 packs'],asian
468,lee kum kee panda oyster sauce 18oz(510g),[],asian
469,jingmailang instant noodle spicy beef flavour,['4.13oz(117g) 5 packs'],asian
470,danongwon walnuts almonds job's tears tea,['0.63oz(18g) 40 packs'],asian
471,paldo virac cinnamon punch,['8.04oz(238ml) 12 cans'],asian
472,littlesheep hot pot soup base original,['4.59oz(130g)'],asian
473,lee kum kee premium soy sauce 16.9 fl.oz(500ml),['6.9 fl.oz(500ml)'],asian
474,aje coffee hazelnut flavor,['7.77oz(230ml)'],asian
475,ohsung hot & spicy bowl noodle soup with soy peptide,['3.03oz(86g) 12 cups'],asian
476,ottogi tuna rice porridge 10.05oz(285g),['0.05oz(285g)'],asian
477,sunshine moonlight koshihikari short grain rice,['4.4lb(2kg)'],asian
478,crown caramel corns peanuts snack big size,['6.34oz(180g)'],asian
479,haru haru mai brown sweet rice 15lb(6.8kg),['6.8kg)'],asian
480,organic farm organic green mung bean 3lb(1.36kg),['1.36kg)'],asian
481,glico pocky chocolate,['2.47oz(70g)'],asian
482,shirakiku fruits jelly drink lychee flavor,['5.3oz(150g)'],asian
483,jingmailang instant noodle stew pork flavour,['3.98oz(113g) 5 packs'],asian
484,choripdong shitake mushroom 1lb(16oz),[],asian
485,jingyizhen sachima sesame flavor soft flour cakes 18.27oz(518g),['8.27oz(518g)'],asian
486,kcnh roasted green tea seaweed gift box,['0.7oz(20g) 10 packs'],asian
487,yi feng sliced noodles 21oz(596g),[],asian
488,orion seafood shaped crispy snack 4 packs multi pack,['5.64oz(160g)'],asian
489,glico pocky strawberry,['2.47oz(70g)'],asian
490,haitai baked potato stick,['3.8oz(108g)'],asian
491,s&c 3:15pm earl grey milk tea,['7.06oz(200g) 10 bags'],asian
492,sangaria strawberry milk,['8.96 fl.oz(265ml)'],asian
493,milkita honeydew shake candy,['4.23oz(120g)'],asian
494,shirakiku fruits jelly drink grape flavor,['5.3oz(150g)'],asian
495,chung jung one jewel of sinan island sea salt,['5.5lb(2.5kg)'],asian
496,ito en oi ocha genmai tea 16.9 fl.oz(500ml),['6.9 fl.oz(500ml)'],asian
497,s&c 3:15pm roasted milk tea,['7.06oz(200g) 10 bags'],asian
498,shirakiku fruits jelly drink peach flavor,['5.3oz(150g)'],asian
499,raw nature nutri whole grain brown rice 3lb(1.36kg),['1.36kg)'],asian
500,arizona farm honey bear 12oz(340g),[],asian
501,house foods java curry sauce mix med hot,['6.52oz(185g)'],asian
502,crown shinzzang big size 10.37oz(294g),['0.37oz(294g)'],asian
503,shirakiku fruits jelly drink orange flavor,['5.3oz(150g)'],asian
504,cj haechandle doenjang (soybean paste),['1.1lb(500g)'],asian
505,cj bibigo sweet pumpkin porridge with red bean,['9.88oz(280g)'],asian
506,ito en black milk tea 11.8 fl.oz(350ml),['1.8 fl.oz(350ml)'],asian
507,cha cha sunflower seeds all natural,['8.82oz(250g)'],asian
508,double dragon jasmine white scented rice - 20lbs,[],asian
509,shinsyu-ichi instant miso soup spinach,['5.76oz(172.8g)'],asian
510,ottogi cooked black rice,['7.4oz(210g) 3 packs'],asian
511,ottogi anchovy noodles sauce 12.17oz(360ml),['2.17oz(360ml)'],asian
512,samyang extreme spicy hot chicken flavor sauce,['7.05oz(200g)'],asian
513,glico pocky cookies & cream,['2.47oz(70g)'],asian
514,shirakiku fruits jelly drink aloe flavor,['5.3oz(150g)'],asian
515,milkita banana shake candy,['4.23oz(120g)'],asian
516,haioreum crushed sesame seed 8oz(226g),[],asian
517,s&c 3:15pm coffee milk tea,['7.06oz(200g) 10 bags'],asian
518,ottogi tomato ketchup,['1.1lb(500g)'],asian
519,nongshim fried chicken flavor snack,['2.32oz(66g)'],asian
520,cj korean bbq sauce beef kalbi marnade for ribs,['1.85lb(840g)'],asian
521,paldo bul nak pan stirfried noodle cup,['2.49oz(70g) 6 cups'],asian
522,vita less sugar chrysanthemum tea,['8.45oz(250ml) pack of 6'],asian
523,ajinomoto hondashi bonito soup stock,['2.2lb(1kg)'],asian
524,greenation coarse red pepper powder 5lb(2.26kg),['2.26kg)'],asian
525,s&c 3:15pm rose fruity milk tea,['7.06oz(200g) 10 bags'],asian
526,ottogi buckwheat noodles soba tsuyu 12.17oz(360ml),['2.17oz(360ml)'],asian
527,ottogi frying mix,['2.2lb(1kg)'],asian
528,kewpie yuzu & kosho dressing 8 fl.oz(236ml),[],asian
529,maxim mocha gold mild coffee mix,['0.42oz(12g) 20 sticks'],asian
530,bonjuk abalone mushroom rice porridge,['1.1lb(500g)'],asian
531,cj dasida beef flavored soup stock ,['2.2lb(1kg)'],asian
532,haioreum 100% natural sea salt (premium coarse salt) 5lb(2.27kg),['2.27kg)'],asian
533,samhak roasted black sesame 8oz(226g),[],asian
534,jingyizhen sachima egg flavor soft flour cakes 18.27oz(518g),['8.27oz(518g)'],asian
535,jack links teriyaki beef jerky,['2.85oz(81g)'],asian
536,milkita chocolate shake candy,['4.23oz(120g)'],asian
537,bonjuk tuna vegetable rice porridge,['1.1lb(500g)'],asian
538,sempio soy sauce soup base anchovy 11.82oz(350ml),['1.82oz(350ml)'],asian
539,beksul sweet korean pancake mix 14.10oz(400g),['4.10oz(400g)'],asian
540,ottogi vermont curry gold medium hot,['3.52oz(100g)'],asian
541,suhyup badaaechan dried squid 6 pcs 14.82oz(420g),['4.82oz(420g)'],asian
542,organic farm organic brown sweet rice 15lb(6.8kg),['6.8kg)'],asian
543,fu chung village dried noodles garlic sesame sauce 17.63oz(500g),['7.63oz(500g)'],asian
544,organic farm organic red kidney bean 3lb(1.36kg),['1.36kg)'],asian
545,want want shelly senbei rice cracker 18.34oz(520g),['8.34oz(520g)'],asian
546,ito en matcha milk tea 11.8 fl.oz(350ml),['1.8 fl.oz(350ml)'],asian
547,suhyup badaaechan dried squid 3 pcs,['7.41oz(210g)'],asian
548,organic farm 100% organic sweet rice 3lb(1.36kg),['1.36kg)'],asian
549,ottogi vermont curry gold mild,['3.52oz(100g)'],asian
550,i want coconut milk 13.5oz(400ml),['3.5oz(400ml)'],asian
551,lacroix grapefruit sparkling water 12 fl.oz(355ml) 4 cans,[],asian
552,ito en oi ocha hoji tea 16.9 fl.oz(500ml),['6.9 fl.oz(500ml)'],asian
553,fu chung village dried noodles spicy sichuan pepper and vinegar 16.23oz(460g),['6.23oz(460g)'],asian
554,lacroix peach-pear sparkling water 12 fl.oz(355ml) 4 cans,[],asian
555,ito en matcha green tea peppermint tea bags,['0.05oz(1.5g) 20 tea bags'],asian
556,calbee frugra (fruit & granola) 17oz(482g),[],asian
557,ito en matcha green tea ginger tea bags,['0.05oz(1.5g) 20 tea bags'],asian
558,lacroix lemon sparkling water 12 fl.oz(355ml) 4 cans,[],asian
559,cj haechandle gochujang hot pepper paste,['1.1lb(500g)'],asian
560,glami dawn 808 (alcohol detoxifying herb) box,['4.73oz(140ml) 6 cans'],asian
561,bonjuk sweet pumpkin rice porridge,['1.1lb(500g)'],asian
562,toreta hydration drink 16.9oz(500ml),['6.9oz(500ml)'],asian
563,lacroix mango sparkling water 12 fl.oz(355ml) 4 cans,[],asian
564,ito en matcha green tea lemongrass tea bags,['0.05oz(1.5g) 20 tea bags'],asian
565,haioreum soybean flour fermented 1lb(453g),[],asian
566,maxim original coffee mix,['0.42oz(12g) 100 sticks'],asian
567,choripdong premium ginger tea,['0.4oz(12g) 15ea'],asian
568,paldo pororo tropical fruits flavor juice drink,['7.95 fl.oz(235ml)'],asian
569,ito en matcha green tea chamomile tea bags,['0.05oz(1.5g) 20 tea bags'],asian
570,lee kum kee sriracha mayo 15oz(443ml),[],asian
571,huy fong foods sambal oelek ground fresh chili paste 18oz(510g),[],asian
572,cha cha sunflower seeds caramel flavor,['5.64oz(159g)'],asian
573,morn sweet chili sauce for cooking 295ml (342g),[],asian
574,ito en mugicha barley tea bags 54 sachets 15.2oz(432g),['5.2oz(432g)'],asian
575,cha cha sunflower seeds chinese pecan flavor,['5.64oz(160g)'],asian
576,abc mango jelly 49.4oz(1.4kg),['9.4oz(1.4kg)'],asian
577,o grain premium organic adzuki bean,['3.5lb(1.57kg)'],asian
578,ito en oi ocha dark green tea 16.9 fl.oz(500ml),['6.9 fl.oz(500ml)'],asian
579,lee kum kee seasoned soy sauce for seafood 14 fl.oz(410ml),[],asian
580,himorn peanut rice paper roll sauce,['8.1oz(230g)'],asian
581,abc lychee jelly 49.4oz(1.4kg),['9.4oz(1.4kg)'],asian
582,jingyizhen sachima raisin flavor soft flour cakes 18.27oz(518g),['8.27oz(518g)'],asian
583,glami dawn 808 (alcohol detoxifying herb) box,['4.73oz(140ml) 24 cans'],asian
584,jack links original beef jerkey,['2.85oz(81g)'],asian
585,wong lo kat herbal tea 10.9 fl.oz(310ml),['0.9 fl.oz(310ml)'],asian
586,lao gan ma chili oil,['7.4oz(210g)'],asian
587,raw nature wild sweet rice 4lb(1.81kg),['1.81kg)'],asian
588,lao gan ma chili oil black bean,['9.87oz(280g)'],asian
589,vitasoy melon flavored soy drink,['8.45 fl.oz(250ml) 6 packs'],asian
590,vitasoy coconut soy drink,['8.45 fl.oz(250ml) 6 packs'],asian
591,cha cha roasted premium sunflower seeds,['3.45oz(98g)'],asian
592,vitasoy black soy drink,['8.45 fl.oz(250ml) 6 packs'],asian
593,vitasoy malt soy drink,['8.45 fl.oz(250ml) x 6 pcs'],asian
594,vita hong kong style milk tea,['8.45 fl.oz(250ml) x 6 pcs'],asian
595,cj seasoned bai top shell 14oz(400g),[],asian
596,glami dawn 808 (alcohol detoxifying herb) box,['4.73oz(140ml) 96 cans'],asian
597,bonjuk sweet red bean rice porridge,['1.1lb(500g)'],asian
598,glami dawn 808 (alcohol detoxifying herb) box,['4.73oz(140ml) 10 cans'],asian
599,popcorners popped corn chips white cheddar 5oz(142g),[],asian
600,san pellegrino sparkling beverage pompelmo grapefruit 11.15 fl.oz(330ml),['1.15 fl.oz(330ml)'],asian
601,san pellegrino sparkling beverage prickly pear and orange 11.15 fl.oz(330ml),['1.15 fl.oz(330ml)'],asian
602,san pellegrino sparkling beverage pomegranate and orange 11.15 fl.oz(330ml),['1.15 fl.oz(330ml)'],asian
603,san pellegrino sparkling beverage aranciata orange 11.15 fl.oz(330ml),['1.15 fl.oz(330ml)'],asian
604,san pellegrino sparkling beverage aranciata rossa blood orange 11.15 fl.oz(330ml),['1.15 fl.oz(330ml)'],asian
605,sg food premium fried kelp,['2.12oz(60g)'],asian
606,xiang piao piao meco thai lemon tea 13.52 fl.oz(400ml),['3.52 fl.oz(400ml)'],asian
607,xiang piao piao meco kumquat&lemon tea 13.52 fl.oz(400ml),['3.52 fl.oz(400ml)'],asian
608,xiang piao piao meco peach pink grapefruit tea 13.52 fl.oz(400ml),['3.52 fl.oz(400ml)'],asian
609,haitai matdongsan peanut crunch snack big size 10.58oz(300g),['0.58oz(300g)'],asian
610,glico pejoy chocolate cream filled biscuit sticks family pack,['4.24oz(120g) 8 packs'],asian
611,nangman brother cook tok rice cup soup,['4.69oz(133g)'],asian
612,nangman brother cook tok rice cup original,['5.75oz(163g)'],asian
613,samyang extra hot chicken flavor ramen,['4.94oz(140g) 5 packs'],asian
614,popcorners popped corn chips sweet chili 5oz(142g),[],asian
615,hormel spam 25% less sodium 12oz(340g),[],asian
616,popcorners popped corn chips sea salt 5oz(142g),[],asian
617,popcorners popped corn chips kettle corn 5oz(142g),[],asian
618,hormel spam classic 12oz(340g),[],asian
619,gilim black sugar milktea almond,['6.7oz(190g)'],asian
620,gilim baked corn almond,['7.4oz(210g)'],asian
621,gilim hot & spicy chicken almond,['7.4oz(210g)'],asian
622,gilim wasabi almond,['7.4oz(210g)'],asian
623,gilim honey butter almond,['8.81oz(250g)'],asian
624,jinmi food black bean paste with smoky flavor 10.58oz(300g),['0.58oz(300g)'],asian
625,jinmi food black bean paste 10.58oz(300g),['0.58oz(300g)'],asian
626,ottogi jin ramen mild flavor,['4.23oz(120g) 18 packs'],asian
627,bonjuk spicy seafood and vegetable porridge,['1.1lb(500g)'],asian
628,bonjuk octopus and kimchi porridge,['1.1lb(500g)'],asian
629,bonjuk vegetable porridge,['1.1lb(500g)'],asian
630,bonjuk seafood porridge,['1.1lb(500g)'],asian
631,lee kum kee chili garlic sauce 13oz(368g),[],asian
632,lee kum kee black bean garlic sauce 13oz(368g),[],asian
633,lee kum kee chili bean sauce 13oz(368g),[],asian
634,lee kum kee hoisin sauce 20oz(567g),[],asian
635,hormel spam garlic 12oz(340g),[],asian
636,haidilao hot pot soup base spicy flavor,['7.76oz(220g)'],asian
637,cj white sugar,['2.2lb(1kg)'],asian
638,crispy green freeze-dried fruit asian pear,['0.35oz(10g) 6 packs'],asian
639,crispy green freeze-dried fruit pineapples,['0.35oz(10g) 6 packs'],asian
640,crispy green freeze-dried fruit mango,['0.35oz(10g) 6 packs'],asian
641,crispy green freeze-dried fruit apple,['0.35oz(10g) 6 packs'],asian
642,crispy green freeze-dried fruit strawberry,['0.32oz(9g) 6 packs'],asian
643,pirouline creme filled wafers strawberry flavored 14.1oz(397g),['4.1oz(397g)'],asian
644,rao's homemade vodka sauce 24oz(680g),[],asian
645,rao's homemade tomato basil sauce 24oz(680g),[],asian
646,rao's homemade marinara sauce 24oz(680g),[],asian
647,beksul kimchi pancake mix cup,['7.4oz(210g)'],asian
648,samyang corn hot chicken flavor ramen,['4.59oz(130g) 5 packs'],asian
649,paldo stir-fried chicken noodle with spicy soy sauce,['4.58oz(130g) 4 packs'],asian
650,lotte korean hovenia tea 16.9oz(500ml),['6.9oz(500ml)'],asian
651,nongshim      air dried shin ramyun light,['3.4oz(97g) 4 packs'],asian
652,sg food seasoned laver with nuts,['5.29oz(150g)'],asian
653,chung jung one o'food soybean paste stew sauce,['4.94oz(140g)'],asian
654,nongshim shrimp flavored chips big size,['7.05oz(200g)'],asian
655,chung jung one o'food bulgogi sauce,['4.94oz(140g)'],asian
656,nongshim neoguri mild,['4.23oz(120g) 4 packs'],asian
657,beksul vermicelli,['2.2lb(1kg)'],asian
658,loacker      quadratini raspberry yogurt,['7.76oz(220g)'],asian
659,paldo bul jjajang,['7.16oz(203g) 4 packs'],asian
660,matcha love sweetened matcha can,['5.2 fl.oz(155ml)'],asian
661,matcha love unsweetened matcha can,['5.2 fl.oz(155ml)'],asian
662,ito en oi ocha unsweetened green tea can 11.5 fl.oz(340ml),['1.5 fl.oz(340ml)'],asian
663,jay street coffee coffee shot unsweetened black,['6.4 fl.oz(190ml)'],asian
664,ito en matcha green tea traditional tea bags,['0.05oz(1.5g) 50 tea bags'],asian
665,ito en oi ocha genmai tea tea bags,['0.07oz(2g) 20 tea bags'],asian
666,ito en oi ocha green tea tea bags,['0.07oz(2g) 20 tea bags'],asian
667,ito en matcha green tea powder unsweetened 2oz(56g),[],asian
668,ito en matcha green tea sweet powder 7oz(200g),[],asian
669,ito en organic oi ocha unsweetened green tea 16.9 fl.oz(500ml),['6.9 fl.oz(500ml)'],asian
670,ito en oi ocha unsweetened cold brew matcha green tea 16.9 fl.oz(500ml),['6.9 fl.oz(500ml)'],asian
671,ito en mugicha unsweetened barley tea 16.9 fl.oz(500ml),['6.9 fl.oz(500ml)'],asian
672,ito en oi ocha uji matcha unsweetened green tea 16.9 fl.oz(500ml),['6.9 fl.oz(500ml)'],asian
673,loacker      quadratini matcha green tea,['7.76oz(220g)'],asian
674,loacker      quadratini vanilla,['8.82oz(250g)'],asian
675,loacker      quadratini hazelnut,['8.82oz(250g)'],asian
676,maeil maeil soy milk plain,['6.4 fl.oz(190ml) 6 packs'],asian
677,goodies roasted unsalted sunflower seeds 12oz(340g),[],asian
678,goodies salted roasted cashews 10.5oz(298g),['0.5oz(298g)'],asian
679,goodies walnuts 8oz(226g),[],asian
680,ottogi cooked rice and dried pollack soup with bean sprouts,['9.57oz(271.5g)'],asian
681,ottogi cooked rice and teriyaki tuna with mayonnaise,['7.65oz(217g)'],asian
682,ottogi cooked rice and fish roe sauce with kimchi,['6.77oz(192g)'],asian
683,goodies unsalted roasted pistachios 9oz(255g),[],asian
684,goodies wasabi green peas 9oz(255g),[],asian
685,hong yuan guava candy 12.33oz(349g),['2.33oz(349g)'],asian
686,paldo jumbo pack noodle,['4.23oz(120g) 5 packs'],asian
687,jinga beef bone soup 16.9 fl.oz(500ml),['6.9 fl.oz(500ml)'],asian
688,nongshim sweet potato snack flavored snack,['1.93oz(55g)'],asian
689,goodies brazil nuts 9oz(255g),[],asian
690,pirouline creme filled wafers pumpkin spice flavored 14.1oz(397g),['4.1oz(397g)'],asian
691,tai mung bean vermicelli 17.6oz(500g),['7.6oz(500g)'],asian
692,tai mung bean vermicelli flat 17.6oz(500g),['7.6oz(500g)'],asian
693,chongga kimchi pancake mix,['5.64oz(160g)'],asian
694,bonne maman wild blueberry preserves 13oz(370g),[],asian
695,bonne maman strawberry preserves 13oz(370g),[],asian
696,bonne maman raspberry preserves 13oz(370g),[],asian
697,cooksee rice noodle with non-spicy seafood flavored soup,['3.25oz(92g) 6 packs'],asian
698,korean traditional candy,['3.35oz(95g)'],asian
699,want want milk drink,['8.3 fl.oz(250ml)'],asian
700,liu po hot pot spicy soup base (black) 20.46oz(580g),['0.46oz(580g)'],asian
701,liu po hot pot spicy soup base (yellow) 20.46oz(580g),['0.46oz(580g)'],asian
702,ye shu coconut juice ,['8.2 fl.oz(245ml) 6 packs'],asian
703,lotte refreshing water 2% peach,['8.12 fl.oz(240ml)'],asian
