,0
0,"Wegmans Organic Garlic Cilantro Salsa
15.5 ounce
15B"
1,"Goya Yellow Rice, Spanish Style
7 ounce
15B"
2,"Wegmans Hot Salsa
16 ounce
15B"
3,"VEROLE Tortillas, Flour, Family Pack
18 ounce
15B"
4,"Wegmans Organic Taco Seasoning Mix
1 ounce
15B"
5,"Wegmans Organic Tahini
16 ounce
15B"
6,"Goya Black Beans
16 ounce
15B"
7,"Coconut Secret Seasoning Sauce, Soy-Free, Coconut Aminos
8 fl. oz.
1B"
8,"Wegmans Organic Salsa, Hot
15.5 ounce
15B"
9,"Ortega Fajita Seasoning Mix
1.25 ounce
15B"
10,"Ortega Refried Beans, Traditional
16 ounce
15B"
11,"Wegmans Organic General Tso's Sauce
14.5 ounce
1B"
12,"Thai Kitchen Gluten Free Red Curry Paste
4 ounce
1B"
13,"Wegmans Organic Coconut Cream
5.4 fl. oz.
1B"
14,"Goya Red Lentils
16 ounce
15B"
15,"Dynasty Jasmine Rice
5 lb.
1B"
16,"Polar Water Chestnut, Sliced
8 ounce
1B"
17,"Old El Paso Refried Beans, Vegetarian
16 ounce
15B"
18,"Wegmans Hoisin Sauce
9.4 ounce
1B"
19,"Wegmans Rice Vinegar
12.7 fl. oz.
1B"
20,"Wegmans Organic Sriracha Mayo
18 ounce
1B"
21,"SRIRACHA Chili Sauce, Hot
28 ounce
1B"
22,"GOYA Green Split Peas
16 ounce
15B"
23,"Kadoya Pure Sesame Oil
5.5 fl. oz.
1B"
24,"Herdez Salsa Verde, Mild
16 ounce
15B"
25,"Wegmans Seaweed Snack, Roasted and Sea Salted, FAMILY PACK
2.04 ounce
1B"
26,"Wegmans Sauce, Thai Peanut
13 ounce
1B"
27,"Wegmans Organic Ramen Wheat Noodles
9.5 ounce
1B"
28,"Wegmans Salsa, Roasted Chipotle
16 ounce
15B"
29,"Wegmans Organic Brown Rice Noodles
7.7 ounce
1B"
30,"Old El Paso Taco Dinner Kit, Crunchy
8.8 ounce
15B"
31,"Pace Medium Picante Sauce
16 ounce
15B"
32,"Dynasty Rice, Jasmine
32 ounce
1B"
33,"Goya Coconut Milk
13.5 fl. oz.
15B"
34,"VEROLE Flour Tortillas, Soft Taco
12.7 ounce
15B"
35,"Wegmans Organic White Rice Noodles
7.7 ounce
1B"
36,"Evergreen Coconut Milk
13.5 fl. oz.
1B"
37,"Kikkoman Soy Sauce
20 fl. oz.
1B"
38,"Wegmans Black Pepper Sauce
13 ounce
1B"
39,"Wegmans Organic Sweet & Sour Sauce
14.5 ounce
1B"
40,"Huy Fong Chili Garlic Sauce
8 ounce
1B"
41,"Ortega Diced Jalapenos, Hot
4 ounce
15B"
42,"Goya Cannellini, Premium
15.5 ounce
15B"
43,"GOYA Red Kidney Beans, Prime Premium
15.5 ounce
15B"
44,"JFC Sesame Seed, White, Premium Roasted
3.5 ounce
1B"
45,"Wegmans Medium Salsa, FAMILY PACK
68 ounce
15B"
46,"Ortega Taco Kit, Soft
15.2 ounce
15B"
47,"Wegmans Korean BBQ Sauce
13.5 ounce
1B"
48,"Thai Kitchen Rice Noodles, Stir-Fry
14 ounce
1B"
49,"Ortega Taco Sauce, Original, Hot
8 ounce
15B"
50,"GOYA Mexican Rice, Chicken Flavor
7 ounce
15B"
51,"La Banderita Tortillas, Flour, Fajita, Whole Wheat
16 ounce
15B"
52,"Mission Flour Tortillas, Street Tacos
11 ounce
15B"
53,"Thai Kitchen Coconut Milk, Organic, Unsweetened
13.66 fl. oz.
1B"
54,"Ortega Fiesta Flats Taco Shells, Flat Bottom
5.6 ounce
15B"
55,"Wegmans Kung Pao Sauce
13 ounce
1B"
56,"Goya White Beans, Small, Premium
15.5 ounce
15B"
57,"Goya Yellow Rice, Spanish Style, Family Size
14 ounce
15B"
58,"Goya Chick Peas
16 ounce
15B"
59,"Goya Rice, Jasmine, Thai
32 ounce
15B"
60,"Thai Kitchen Fish Sauce, Premium
6.76 fl. oz.
1B"
61,"DALMATIA Fig Spread, Original
8.5 ounce
15B"
62,"CAFE BUSTELO Coffee, Espresso
10 ounce
15B"
63,"Marukan Vinegar, Rice, Genuine Brewed
12 fl. oz.
1B"
64,"Ortega Refried Beans, Fat Free
16 ounce
15B"
65,"Wegmans Organic Udon Wheat Noodles
9.5 ounce
1B"
66,"Old El Paso Tortillas, Flour, Soft, Tortilla Bowl
6.7 ounce
15B"
67,"Chaokoh Coconut Milk
13.5 fl. oz.
1B"
68,"GOYA Pinto Beans
16 ounce
15B"
69,"Goya Peppers, Chipotle
7 ounce
15B"
70,"Wegmans Organic Soba Buckwheat Noodles
9.5 ounce
1B"
71,"Wel-Pac Egg Noodles, Lo Mein
10 ounce
1B"
72,"Glico Pocky Biscuit Sticks, Chocolate
1.41 ounce
1B"
73,"Wegmans Green Enchilada Sauce
16 ounce
15B"
74,"Kikkoman Soy Sauce, Gluten-Free
10 fl. oz.
1B"
75,"Wegmans Organic Spicy Orange Sauce
14.5 ounce
1B"
76,"Kikkoman Bread Crumbs, Panko, Japanese Style
8 ounce
1B"
77,"Mee Tu Duck Sauce, Sweet and Pungent
10 ounce
1B"
78,"Pace Salsa, Chunky, Mild
16 ounce
15B"
79,"Lee Kum Kee Minced Ginger
7.5 ounce
1B"
80,"Wegmans Red Enchilada Sauce
16 ounce
15B"
81,"Goya Lentils, Pardina
16 ounce
15B"
82,"Vigo Yellow Rice, Saffron
5 ounce
15B"
83,"Old El Paso Enchilada Sauce, Mild Green Chile
10 ounce
15B"
84,"Polar Water Chestnut, Diced
8 ounce
1B"
85,"Pace Mild Picante Sauce
16 ounce
15B"
86,"Vigo Yellow Rice, Saffron, Family Size
16 ounce
15B"
87,"Wegmans Roasted Tomato Salsa
16 ounce
15B"
88,"Huy Fong Chili Paste, Ground Fresh, Sambal Oelek
8 ounce
1B"
89,"La Choy Noodles, Chow Mein
5 ounce
1B"
90,"Wegmans Salsa, Roasted Sweet Pepper
16 ounce
15B"
91,"Ortega Good Grains Taco Shells, Yellow Corn
4.9 ounce
15B"
92,"Hatch Green Chiles, Hot, Dice
4 ounce
15B"
93,"Wegmans Fire Dragon Marinade
12 fl. oz.
1B"
94,"Goya Kidney Beans, Dark, Premium
15.5 ounce
15B"
95,"Wegmans Seaweed Snack, Wasabi Roasted and Sea Salted
0.51 ounce
1B"
96,"Ole Corn Tostadas
12.4 ounce
15B"
97,"Wegmans Organic Green Sriracha
18 ounce
1B"
98,"Mighty Sesame Tahini, Organic
10.9 ounce
15B"
99,"Kikkoman Soy Sauce, Less Sodium
5 fl. oz.
1B"
100,"GOYA Prime Premium Pinto Beans
15.5 ounce
15B"
101,"Goya Red Kidney Beans
16 ounce
15B"
102,"GOYA Small Red Beans, Prime Premium
15.5 ounce
15B"
103,"Newman's Own Salsa, Chunky, Medium
16 ounce
15B"
104,"La Banderita Tortillas, Flour, Fajita Size, Twin Pack
45 ounce
15B"
105,"Viet Way Noodle, Rice, M
14 ounce
1B"
106,"Nishiki Rice, Premium Grade, Medium Grain
32 ounce
1B"
107,"Maesri Curry Paste, Red
4 ounce
1B"
108,"Kikkoman Soy Sauce, Less Sodium
2 quart
1B"
109,"Bragg Liquid Aminos
16 fl. oz.
1B"
110,"Goya Navy Beans
16 ounce
15B"
111,"Coca-Cola Soft Drink
12 fl. oz.
15B"
112,"Wegmans Organic Red Sriracha
18 ounce
1B"
113,"Goya Beans, Great Northern
16 ounce
15B"
114,"MAC'S Pork Skins, Fried, Original
5 ounce
15B"
115,"Goya Jasmine Rice, Thai
5 lb.
15B"
116,"Mission Carb Balance Tortilla Wraps, Super Soft, Soft Taco
12 ounce
15B"
117,"Heinz Beans, with Tomato Sauce
13.7 ounce
15B"
118,"Ortega Seasoning Mix, Guacamole
1 ounce
15B"
119,"Newman's Own Salsa, Chunky, Mild
16 ounce
15B"
120,"Goya Salsa Verde, Medium
17.6 ounce
15B"
121,"Kikkoman Hoisin Sauce
9.4 ounce
1B"
122,"GOYA Yellow Rice, Low Sodium, Arroz Amarillo
7 ounce
15B"
123,"HIKARI MISO Miso, Organic, White
17.6 ounce
14B"
124,"Laoganma Spicy Chili Crisp
7.41 ounce
1B"
125,"Canilla Rice, Enriched, Extra Long Grain
48 ounce
15B"
126,"Mae Ploy Chili Sauce, Sweet
12 ounce
1B"
127,"Hapi Wasabi Peas, Hot
9.9 ounce
1B"
128,"Old El Paso Jalapeno Slices, Pickled
12 ounce
15B"
129,"Wegmans Seaweed Snack, Roasted and Sea Salted
0.51 ounce
1B"
130,"McVitie's Digestive Biscuits, Wheat, The Original
14.1 ounce
15B"
131,"Ortega Taco Seasoning Mix, Chipotle
1.25 ounce
15B"
132,"Goya Pinto Beans, Refried, Traditional
16 ounce
15B"
133,"Kikkoman Marinade & Sauce, Teriyaki
10 fl. oz.
1B"
134,"Goya Maria Cookies
7 ounce
15B"
135,"Goya Nectar, Mango
33.8 fl. oz.
15B"
136,"Goya Soup, Black Bean
15 ounce
15B"
137,"Kikkoman Soy Sauce, Traditionally Brewed
5 fl. oz.
1B"
138,"Sazon Goya Seasoning, Coriander & Annatto
1.41 ounce
15B"
139,"GOYA Barley
16 ounce
15B"
140,"Hero Fruit Spread, Premium Blueberry
12 ounce
15B"
141,"Hero Fruit Spread, Premium, Red Raspberry
12 ounce
15B"
142,"Hero Fruit Spread, Premium, Strawberry
12 ounce
15B"
143,"Rhee Chun Rice, Extra Fancy
5 lb.
1B"
144,"Hero Fruit Spread, Premium, Black Cherry
12 ounce
15B"
145,"Hero Fruit Spread, Premium, Black Currant
12 ounce
15B"
146,"Tasty Bite Punjab Eggplant, Indian, Medium
10 ounce
15B"
147,"Lyle's Golden Syrup Cane Sugar Syrup, Original
11 fl. oz.
15B"
148,"Tiger Tiger Noodles in No Time Satay
10.5 ounce
1B"
149,"Mestemacher Bread, Organic, Whole Rye
17.6 ounce
15B"
150,"Iron Chef Sauce & Glaze, General Tso's
15 ounce
1B"
151,"Mestemacher Bread, Organic Three Grain
17.6 ounce
15B"
152,"Knorr Pommes Sauce
14.5 fl. oz.
15B"
153,"Laxmi Brand Rice, Basmati, Dehradun
4 lb.
15B"
154,"Paldo Soup, Bowl Noodle, Shrimp Flavor
3.03 ounce
1B"
155,"Goya Nectar, Guava
33.8 fl. oz.
15B"
156,"Walkers Shortbread, Pure Butter
5.3 ounce
15B"
157,"Mestemacher Bread, Natural Sunflower Seed
17.6 ounce
15B"
158,"A Taste of Thai Coconut Ginger Noodles
4 ounce
1B"
159,"Goya Nectar, Peach
33.8 fl. oz.
15B"
160,"Annie Chun's Noodle Bowl, Pad Thai, Thai-Style, Medium
8.1 ounce
14B"
161,"Paldo Soup, Bowl Noodle, Artificial Chicken Flavor
3.03 ounce
1B"
162,"Goya Nectar, Pear
33.8 fl. oz.
15B"
163,"Maaza Juice Drink, Mango
33.8 fl. oz.
15B"
164,"Mother in Law's Gochujang, Garlic
9 ounce
1B"
165,"NISHIKI Rice, Medium Grain
10 lb.
1B"
166,"Nishiki Brown Rice, Premium, Medium Grain
5 lb.
1B"
167,"Maaza Juice Drink, Guava
33.8 fl. oz.
15B"
168,"PALDO Soup, Bowl Noodle, Kimchi Flavor
3.03 ounce
1B"
169,"Laxmi Brand Coriander Powder
7 ounce
15B"
170,"Deer Masoor Dall
2 lb.
15B"
171,"Meiji Hello Panda Cookies, Chocolate, Bite Size
7 ounce
1B"
172,"Patak's Spice Paste, Tandoori Marinade, Mild
11 ounce
15B"
173,"Flamous Organic Chips, Organic, Falafel, Original
8 ounce
15B"
174,"Radenska Mineral Water, Naturally Sparkling, Classic
50.7 fl. oz.
15B"
175,"Laxmi Brand Bay Leaves
0.5 ounce
15B"
176,"MUSO Ramen, Organic, Miso
4.1 ounce
1B"
177,"MUSO Ramen, Organic, Shoyu
3.8 ounce
1B"
178,"La Costena Jalapenos, Sliced
28 ounce
15B"
179,"Marukan Rice Vinegar, Sweet and Tangy Flavor
12 fl. oz.
1B"
180,"SIMPLY ORGANIC Simmer Sauce, Classic Fajita
8 ounce
5B"
181,"Simply Organic Simmer Sauce, Red Enchilada
8 ounce
5B"
182,"Nestle Lion Chocolate Bar
1.48 ounce
15B"
183,"Saffron Road Chickpeas, Crunchy, Falafel, Mild
6 ounce
15B"
184,"Zoe Bomba
17.5 ounce
15B"
185,"Saffron Road Chickpeas, Crunchy, Bombay Spice, Hot
6 ounce
15B"
186,"Tiptree Preserve, Raspberry Seedless
12 ounce
15B"
187,"MAMA LYCHA Red Beans
64 ounce
15B"
188,"Kikkoman Soy Sauce, Double Fermented, Shoyu
6.8 fl. oz.
1B"
189,"Mestemacher Bread, Natural Pumpernickel
17.6 ounce
15B"
190,"Saffron Road Chickpeas, Crunchy, Sea Salt
6 ounce
15B"
191,"McCann's Irish Oatmeal, Steel Cut
28 ounce
15B"
192,"Hogan's Soda Bread Mix, Brown Irish
16 ounce
15B"
193,"Laxmi Brand Sesame Seeds, Brown
7 ounce
15B"
194,"gimMe Seaweed, Organic, Toasted Sesame, Premium Roasted
0.35 ounce
1B"
195,"Ortega Seasoning Mix, Reduced Sodium, Chili
1.25 ounce
15B"
196,"Goya Milk, Sweetened Condensed
14 ounce
15B"
197,"Assi Aloe Drink, Aloe
1.5 liter
1B"
198,"Hogan's Irish Scone Mix
16 ounce
15B"
199,"Meiji Cracker Stick with Dip, Strawberry Creme
2 ounce
1B"
200,"gimMe Seaweed, Organic, Extra Virgin Olive Oil, Premium Roasted
0.35 ounce
1B"
201,"Garden of Eatin' Taco Shells, Yellow Corn
5.5 ounce
15B"
202,"Garden of Eatin' Taco Shells, Blue Corn
5.5 ounce
15B"
203,"Goya Adobo Seasoning, All Purpose, with Cumin
8 ounce
15B"
204,"Crosse & Blackwell Mustard & Pickle Relish, Chow Chow Piccalilli
9.34 ounce
15B"
205,"Vera Jasmine Rice
2 lb.
15B"
206,"Goya Lentils
4 lb.
15B"
207,"Desert Pepper Salsa, Roasted Tomato Chipotle Corn, Medium Hot
16 ounce
15B"
208,"Goya Squid, Premium, Jumbo, Pieces, in Hot Sauce, Hot
4 ounce
15B"
209,"Badia Corn Husks
6 ounce
15B"
210,"Patak's Simmer Sauce, Rogan Josh Curry, Medium
15 ounce
15B"
211,"Ambrosia Custard, Devon
14.1 ounce
15B"
212,"Irn Bru Soft Drink, Flavoured, Carbonated
16.9 fl. oz.
15B"
213,"Annie Chun's Noodle Bowl, Kungpao, Chinese-Style, Medium
8.5 ounce
14B"
214,"Lotus Foods Rice Noodles, Pad Thai, Forbidden
8 ounce
1B"
215,"Patak's Simmer Sauce, Korma Curry, Mild
15 ounce
15B"
216,"SAMURA Peanuts, Chili-Flavored
3.17 ounce
1B"
217,"Wilkin & Sons Ltd Marmalade, Medium Cut, Orange
12 ounce
15B"
218,"Kikkoman Restaurant Series Plum Sauce
9.3 ounce
1B"
219,"Wilkin & Sons Ltd Marmalade, Thick Cut, Tawny Orange
12 ounce
15B"
220,"MEIJI Chocorooms, Sweet & Crispy
1.34 ounce
1B"
221,"Glicks Noodles, Thin, Chow Mein
10 ounce
1B"
222,"ASSI Sesame Seeds, Roasted, Crushed
7.5 ounce
1B"
223,"Wel-Pac Seaweed, Fueru Wakame, Dried
2 ounce
1B"
224,"Ting-Ting Jahe Ginger Candy
4.4 ounce
1B"
225,"Khazana The Treasure Basmati Rice, Extra Long Grains
2 lb.
15B"
226,"Glicks Finest Noodles, Wide, Chow Mein
10 ounce
1B"
227,"KHAZANA Basmati Rice, Premium
4 lb.
15B"
228,"Kikkoman Ponzu
10 fl. oz.
1B"
229,"Tiptree Curd, Lemon
11 ounce
15B"
230,"Patak's Original Simmer Sauce, Tikka Masala Curry, Medium
15 ounce
15B"
231,"KHAZANA Basmati Rice, Premium
10 lb.
15B"
232,"Cortes Sweet Chocolate
7 ounce
15B"
233,"Stonewall Kitchen Chile Con Queso
16 ounce
15B"
234,"Bragg Liquid Aminos
32 fl. oz.
1B"
235,"Kikkoman Restaurant Series Chili Sauce, Thai Style
9.3 ounce
1B"
236,"Goya Prime Premium White Beans, Small
15.5 ounce
15B"
237,"Stonewall Kitchen Salsa, Peach
16 ounce
15B"
238,"Laxmi Brand Raisins, Golden Seedless
14 ounce
15B"
239,"Stonewall Kitchen Relish, Farmhouse Red
16.75 ounce
15B"
240,"La Banderita Tortillas, White Corn
66.3 ounce
15B"
241,"Noblesse Biscuits & Wafers, Assortment
14 ounce
15B"
242,"Hans Freitag Assortment of Wafers
14 ounce
15B"
243,"Goya Pigeon Peas, Green
29 ounce
15B"
244,"D'arbo All Natural Wild Lingonberry Sauce
14.1 ounce
15B"
245,"Stonewall Kitchen Grille Sauce, Maple Chipotle
11 fl. oz.
15B"
246,"Goya Seasoning, Salad & Vegetable
1.41 ounce
15B"
247,"SAMAI Rainforest Veggie Crisps, Sea Salt
4 ounce
15B"
248,"Wegmans Organic Salsa, Medium, FAMILY PACK
45 ounce
15B"
249,"Goya Sardines, with Lemon in Oil
4.25 ounce
15B"
250,"Assi Brand Noodles, Japanese Style, Tomoshiraga Somen
3 lb.
1B"
251,"Vitasoy Soy Drink
50.7 fl. oz.
1B"
252,"Daelmans Stroopwafels, Mini, Honey
5.29 ounce
15B"
253,"Laxmi Brand Turmeric Powder
7 ounce
15B"
254,"Ducal Refried Beans, Black
15 ounce
15B"
255,"Daelmans Stroopwafels, Mini, Caramel
5.29 ounce
15B"
256,"Assi Brand Ginger Tea, with Honey, Bags
12 ct.
1B"
257,"Jarritos Soda, Strawberry
12.5 fl. oz.
15B"
258,"Goya Prime Premium Black Beans
29 ounce
15B"
259,"Daelmans Stroopwafels, Caramel
10.94 ounce
15B"
260,"Goya Coconut Water, Unsweetened
11.8 fl. oz.
15B"
261,"Hapi Snacks Tokyo Mix
3 ounce
1B"
262,"Maseca Corn Flour, Instant
4.4 lb.
15B"
263,"Snapdragon Soup Bowl, Vietnamese Pho
2.1 ounce
1B"
264,"Goya Tomato Sauce, Spanish Style
8 ounce
15B"
265,"Milka Milk Chocolate, 100% Alpine
3 ounce
15B"
266,"MAMA LYCHA Red Beans
32 ounce
15B"
267,"Goya Pork Rinds
3 ounce
15B"
268,"Roland Lentils, Green
17.6 ounce
15B"
269,"Vita Tea Drink, Chrysanthemum
50.7 fl. oz.
1B"
270,"Chi-Chi's Fiesta Salsa, Thick & Chunky, Medium
48 ounce
15B"
271,"Appel Herring Fillets, Smoked, Kipper
6.7 ounce
15B"
272,"Wegmans Simmer Sauce, Korma, Vegetarian
16 ounce
15B"
273,"Goya Refresco Soda, Grape
12 fl. oz.
15B"
274,"Wegmans Simmer Sauce, Butter Chicken
16 ounce
15B"
275,"Wegmans Simmer Sauce, Tikka Masala
16 ounce
15B"
276,"Polar Paste, Pad Thai
8.8 ounce
1B"
277,"Wegmans Simmer Sauce, Charlie's Curry
16 ounce
15B"
278,"Jarritos Soda, Pineapple
12.5 fl. oz.
15B"
279,"Happy Pho Vietnamese Brown Rice Noodle Soup, Shiitake Mushroom
4.5 ounce
1B"
280,"Stonewall Kitchen Simmering Sauce, Pulled Pork
22 ounce
15B"
281,"Happy Pho Vietnamese Brown Rice Noodle Soup, Garlic Goodness
4.5 ounce
1B"
282,"Vitasoy Soy Drink, Black
50.7 fl. oz.
1B"
283,"Kikkoman Baste & Glaze, Teriyaki
12 ounce
1B"
284,"Goya Steak Sauce, Chimichurri
7.5 ounce
15B"
285,"Kikkoman Kotteri Mirin
10 fl. oz.
1B"
286,"Goya Hominy, White
29 ounce
15B"
287,"Maldon Sea Salt, Flakes
8.5 ounce
15B"
288,"Jarritos Soda, Mango
12.5 fl. oz.
15B"
289,"Stonewall Kitchen Chutney, Apple Cranberry
8.5 ounce
15B"
290,"Goya Plantain Chips, Platanitos
5 ounce
15B"
291,"Milka Bubbly, Alpine Milk
3.17 ounce
15B"
292,"Milka Chocolate, Chips Ahoy
3.5 ounce
15B"
293,"Kewpie Mayonnaise
17.64 fl. oz.
1B"
294,"Laxmi Brand Ginger Paste
8 fl. oz.
15B"
295,"Laxmi Brand Garlic Paste
8 fl. oz.
15B"
296,"Stonewall Kitchen Relish, Spicy Corn
17 ounce
15B"
297,"GRACE Corned Beef
12 ounce
15B"
298,"Maggi 2 - Minute Noodles, Masala, Spicy
2.46 ounce
15B"
299,"Laxmi Brand Chutney, Corriander
8 fl. oz.
15B"
300,"BOUNTY Milk Chocolate
2 ounce
15B"
301,"Maltesers Chocolate
1.31 ounce
15B"
302,"Stonewall Kitchen Dressing, Bacon Ranch
11 fl. oz.
15B"
303,"Annie Chun's Noodle Bowl, Teriyaki, Japanese-Style, Mild
7.8 ounce
14B"
304,"La Lechera Condensed Milk, Sweetened
14 ounce
15B"
305,"NA Mushroom, Shiitake, Dried, Sliced
4 ounce
1B"
306,"Botan Brown Rice, Calrose
15 lb.
1B"
307,"Happy Pho Brown Rice Noodles, Vietnamese, with Seaweed
8.6 ounce
1B"
308,"Maggi Bouillon, Beef Flavor, Tablets
2.32 ounce
15B"
309,"Kikkoman Soup, Seaweed, Instant Wakame
0.63 ounce
1B"
310,"Gimme Seaweed Snacks, Roasted, Organic, Sea Salt
0.35 ounce
1B"
311,"Laxmi Brand Tamrind Chutney
8 fl. oz.
15B"
312,"Hapi Snacks Crazy Mix
3 ounce
1B"
313,"Haldiram's Potato Noodles, Spicy
14.12 ounce
15B"
314,"Patak's Original Spice Paste, Hot Curry
10 ounce
15B"
315,"Happy Pho Brown Rice Noodles, Vietnamese, with Green Tea
8.6 ounce
1B"
316,"Goya Luncheon Meat
12 ounce
15B"
317,"Maggi Bouillon, Chicken Flavor
2.43 ounce
15B"
318,"Miso & Easy Miso Broth Concentrate, Original
13.8 ounce
14B"
319,"Haldiram's Navrattan
14.12 ounce
15B"
320,"Nongshim Noodle Soup, Bowl, Spicy Shrimp Flavor
3.03 ounce
1B"
321,"Inca Kola The Golden Kola
20 fl. oz.
15B"
322,"Seitenbacher Cereal, Natural, Musli No. 2, Berries Temptation
16 ounce
15B"
323,"Nongshim Noodle Soup, Cup, Spicy Shrimp Flavor
2.3 ounce
1B"
324,"Kikkoman Soy Sauce
33.8 fl. oz.
1B"
325,"Seitenbacher Cereal, Natural, Musli No. 1, Natural Body Powder
16 ounce
15B"
326,"Explore Cuisine Asian Selection Noodles, Pad Thai, Organic, Red Rice
8 ounce
1B"
327,"Garvi Gujarat Chana Dal
10 ounce
15B"
328,"Explore Cuisine Asian Selection Noodles, Pad Thai, Organic, Brown Rice
8 ounce
1B"
329,"Snapdragon Vietnamese Pho, Mushroom
2.1 ounce
1B"
330,"Goya Refresco Soda, Coconut
12 fl. oz.
15B"
331,"Wegmans Seaweed Snack, Roasted and Sea Salted
0.17 ounce
1B"
332,"Seitenbacher Cereal, Natural, Musli No. 3, for Active People
16 ounce
15B"
333,"Wegmans Seaweed Snack, Wasabi Roasted and Sea Salted
0.17 ounce
1B"
334,"Ole Dip, Cheese, Mild
16 ounce
15B"
335,"JFC Buckwheat Noodles, with Yam, Japanese
10.58 ounce
1B"
336,"Ballymaloe Tomato Sauce, Original
11 ounce
15B"
337,"Frontera Salsa, Tomato, Roasted, Mild
16 ounce
15B"
338,"Ole Dip, Cheese, Medium
16 ounce
15B"
339,"Goya Navy Beans, Premium
15.5 ounce
15B"
340,"Jacobs Coffee, Ground, Kronung
8.81 ounce
15B"
341,"Stonewall Kitchen Simmering Sauce, Tikka Masala
18 ounce
15B"
342,"Annie Chun's Soup Bowl, Udon, Japanese-Style, Mild
5.9 ounce
14B"
343,"Nestle Table Cream, Media Crema
7.6 fl. oz.
15B"
344,"Goya Brown Rice, Natural, Long Grain
32 ounce
15B"
345,"Jayone Rice, Sweet
4 lb.
1B"
346,"Lee Kum Kee Oyster Flavored Sauce, Premium
18 ounce
1B"
347,"Stonewall Kitchen Dressing, Maple Bacon Balsamic
11 fl. oz.
15B"
348,"SNAPDRAGON Vegetable Pho, Vietnamese
2.1 ounce
1B"
349,"GOYA Chips, Tostones, Original
2 ounce
15B"
350,"Goya Brown Rice
16 ounce
15B"
351,"Goya Wafers, Mango
4.94 ounce
15B"
352,"Dynasty Mustard, Chinese-Style, Extra Hot
4 ounce
1B"
353,"Goya Pigeon Peas, Dry
15.5 ounce
15B"
354,"Goya Pigeon Peas, Green, Premium
15 ounce
15B"
355,"Stonewall Kitchen Jam, Hot Pepper Peach
12 ounce
15B"
356,"Mama Instant Noodles Cup, Chicken
2.47 ounce
1B"
357,"Goya Jelly, Guava
17 ounce
15B"
358,"Stonewall Kitchen Dressing, Maple Balsamic
11 fl. oz.
15B"
359,"Stonewall Kitchen Crackers, Down East, Olive Oil
4.4 ounce
15B"
360,"Wegmans Mole Enchilada Sauce
16 ounce
15B"
361,"Casa Mexicana Seasoning Mix, Taco
1 ounce
15B"
362,"Medaglia D'oro Coffee, Instant, Espresso
2 ounce
15B"
363,"GOYA Tomato Cooking Base, Sofrito
12 ounce
15B"
364,"Goya Recaito
12 ounce
15B"
365,"Mama Instant Noodles, Pork Flavor
2.47 ounce
1B"
366,"House Of Tsang Bangkok Peanut Sauce, Dipping, Hot
11.5 ounce
1B"
367,"Terry Ho's Yum Yum Sauce, Spicy
16 fl. oz.
1B"
368,"Milka Chocolate, Bubbly White
3.35 ounce
15B"
369,"GOYA Coco Cream of Coconut,
15 ounce
15B"
370,"Pagoda Vermicelli, Lungkow
8.8 ounce
1B"
371,"Stonewall Kitchen Dressing, Cilantro Lime
11 fl. oz.
15B"
372,"Takis Tortilla Chips, Habanero & Lime, Nitro, Very Hot
9.9 ounce
15B"
373,"Stonewall Kitchen Dressing, Balsamic Fig
11 fl. oz.
15B"
374,"Takis Tortilla Chips, Crunchy Fajitas
9.9 ounce
15B"
375,"Dynasty Jasmine Rice
7.4 ounce
1B"
376,"ROYAL FAMILY Mochi, Peanut
7.4 ounce
1B"
377,"ROYAL FAMILY Mochi, Taro
7.4 ounce
1B"
378,"NEW YORK MUTUAL Kayanoya Dashi, Original
1.4 ounce
1B"
379,"Goya Tortillas, Corn
30 ounce
15B"
380,"Chi-Chi's Salsa, Thick & Chunky, Mild
16 ounce
15B"
381,"Goya Butter Beans
15.5 ounce
15B"
382,"NEW YORK MUTUAL Mushroom Dashi, Shiitake
1.4 ounce
1B"
383,"Frontera Salsa, Chipotle, Hot
16 ounce
15B"
384,"Jayone Rice, Extra Fancy Medium Grain
15 lb.
1B"
385,"Appel Herring Fillets, in Mustard Sauce a la Dijon
7.05 ounce
15B"
386,"gimMe Seaweed, Premium Roasted, Teriyaki
0.35 ounce
1B"
387,"Iron Chef Sweet Chili Sauce, Thai
14.5 ounce
1B"
388,"Heinz Classic Soup, Cream of Tomato
13.2 ounce
15B"
389,"Tamanishiki Rice, Super Premium, Short Grain
4.4 lb.
1B"
390,"Chung Jung One Chili Sauce, Korean, Gochujang
7.5 ounce
1B"
391,"Polar Water Chestnut, Peeled Whole
8 ounce
1B"
392,"Cuetara Cookies, Maria
3.52 ounce
15B"
393,"Stonewall Kitchen Key Lime Curd
11.5 ounce
15B"
394,"Kikkoman Bread Crumbs, 100% Whole Wheat, Panko, Japanese Style
8 ounce
1B"
395,"Goya Lima Beans, Baby
16 ounce
15B"
396,"Jayone Aloe Drink, Original Flavor
16.9 fl. oz.
1B"
397,"Goya Blackeye Peas
16 ounce
15B"
398,"Jayone Aloe Drink, Pineapple Flavor
16.9 fl. oz.
1B"
399,"Preema's Rice, Basmati, Extra Long Grain
10 lb.
15B"
400,"Jayone Aloe Drink, Mango Flavor
16.9 fl. oz.
1B"
401,"Jayone Aloe Drink, Coconut Flavor
16.9 fl. oz.
1B"
402,"Goya Lima Beans, Large
16 ounce
15B"
403,"Goya Roman Beans
16 ounce
15B"
404,"Goya Olives, Spanish, Manzanilla
6.75 ounce
14B"
405,"Oriental Mascot Bamboo Shoots, in Chili Oil, Salted, Stripped
13 ounce
1B"
406,"Ambrosia Rice Pudding, Devon
14.1 ounce
15B"
407,"Goya Quinoa
12 ounce
15B"
408,"Lee Kum Kee Soy Sauce, Premium, Dark
16.9 fl. oz.
1B"
409,"Yama Moto Yama Seaweed, Roasted
0.88 ounce
1B"
410,"Ortega Seasoning Mix, Taco, Hot & Spicy
1.25 ounce
15B"
411,"Cafe Caribe Seleccion Suprema Coffee, Dark Roast Espresso
10 ounce
15B"
412,"Lee Kum Kee Soy Sauce, Less Sodium
16.9 fl. oz.
1B"
413,"Dynasty Mushrooms, Shiitake, Black, Dried
1 ounce
1B"
414,"Koda Farms Rice Flour, Sweet, Mochiko, Blue Star Brand
16 ounce
1B"
415,"Goya Kidney Beans, White
16 ounce
15B"
416,"Soy Vay Marinade & Sauce, Less Sodium, Veri Veri Teriyaki
21 ounce
1B"
417,"Goya Split Peas, Yellow
16 ounce
15B"
418,"Laxmi Brand Rice, Sona Masoori
10 lb.
1B"
419,"Stonewall Kitchen Caramel Sauce, Dark Chocolate Sea Salt
12.5 ounce
15B"
420,"Goya Rice, Medium Grain
48 ounce
15B"
421,"Kikkoman Restaurant Series Oyster Sauce
9.1 ounce
1B"
422,"Asian Gourmet Chinese Noodles
8 ounce
1B"
423,"Goya Rice, Enriched, Medium Grain
5 lb.
15B"
424,"Desert Pepper Salsa, Corn Black Bean Red Pepper, Medium
16 ounce
15B"
425,"Sushi Chef Ginger, Pickled
6 fl. oz.
1B"
426,"Dynasty Sesame Seed Oil
5 fl. oz.
1B"
427,"Stonewall Kitchen Pumpkin Butter, Maple
12.25 ounce
15B"
428,"Nishiki Rice, Medium Grain
15 lb.
1B"
429,"Stonewall Kitchen Butter, Fig & Walnut
12.75 ounce
15B"
430,"Cacique Oaxaca, Part Skim Milk Cheese
10 ounce
15B"
431,"Canilla Rice, Enriched, Extra Long Grain
5 lb.
15B"
432,"Bustelo Supreme Coffee, Ground, Espresso Style
10 ounce
15B"
433,"Urban Accents Mix, Marrakesh Za'atar
1.8 ounce
15B"
434,"Lotus Foods Ramen, Rice, Purple Potato & Brown, with Vegetable Broth
2.8 ounce
14B"
435,"Goya Black Beans, Premium
29 ounce
15B"
436,"LEE KUM KEE Chili Oil
7 fl. oz.
1B"
437,"Cacique Panela Cheese
10 ounce
15B"
438,"Cacique Queso Fresco
10 ounce
15B"
439,"Buchanans Cream Fudge, Clotted
4 ounce
15B"
440,"BAUDUCCO Toast, Original
5.01 ounce
15B"
441,"Dona Maria Mexican Sauce
8.25 ounce
15B"
442,"Goya Garlic, Minced
8 ounce
15B"
443,"Goya Tomato Paste
6 ounce
15B"
444,"Marukan Vinegar, Rice, Seasoned Gourmet
12 fl. oz.
1B"
445,"Goya Fish Fritter Mix
4.5 ounce
15B"
446,"Goya Pimientos, Sliced
4 ounce
15B"
447,"Laxmi Brand Coriander Seeds
7 ounce
15B"
448,"Lee Kum Kee Black Bean Sauce, Chili
8.1 ounce
1B"
449,"Polar Mushrooms, Straw, Stir Fry
15 ounce
1B"
450,"Goya Garlic, Chopped
32 ounce
15B"
451,"Lotus Foods Ramen, Rice, Wakame & Brown, with Vegetable Broth
2.8 ounce
14B"
452,"Patak's Curry Paste, Concentrated, Mild
10 ounce
15B"
453,"Koyo Ramen, Asian Vegetable
2.1 ounce
1B"
454,"Knorr Bouillon, Tomato, with Chicken Flavor
3.1 ounce
15B"
455,"Lotus Foods Ramen, Rice, Buckwheat Mushroom, with Vegetable Broth
2.8 ounce
14B"
456,"Ohsawa Vinegar, Ume
10 fl. oz.
1B"
457,"Colmans Recipe Mix, Shepherd's Pie
1.76 ounce
15B"
458,"Stonewall Kitchen Syrup, Wild Maine Blueberry
8.5 fl. oz.
15B"
459,"Goya Chick Peas, Garbanzos
15.5 ounce
15B"
460,"Pejoy Pocky's Friend Biscuit Sticks, Chocolate Cream Filled
1.13 ounce
1B"
461,"Goya Black Beans
15.5 ounce
15B"
462,"Koyo Ramen, Mushroom
2 ounce
1B"
463,"Milka Milka & Lu
3 ounce
15B"
464,"Tchibo Coffee, Exclusive, Ground
8.8 ounce
15B"
465,"Mission Flour Tortillas, Soft Taco, Twin Pack
63 ounce
15B"
466,"CHACHA Sunflower Seeds, Coconut Flavor, Roasted
8.82 ounce
1B"
467,"CHACHA Sunflower Seeds, Spiced Flavor, Roasted
8.82 ounce
1B"
468,"CHACHA Sunflower Seeds, Natural Flavor, Roasted
8.82 ounce
1B"
469,"Ana Seaweed, Roasted
0.56 ounce
1B"
470,"Desert Pepper Salsa, Tequila, Medium Burn
16 ounce
15B"
471,"Taveners Licorice Allsorts
5.8 ounce
15B"
472,"Lee Kum Kee Soup Base, for Sichuan Hot & Spicy Hot Pot
2.5 ounce
1B"
473,"NORFOLK MANOR Vinegar, Malt
9.6 fl. oz.
15B"
474,"CALBEE Potato Chips, Seaweed & Salt
2.8 ounce
1B"
475,"KOON CHUN Black Soy Sauce
16.9 fl. oz.
1B"
476,"Rowntrees Fruit Gums
5.3 ounce
15B"
477,"Rowntrees Fruit Pastilles
5.3 ounce
15B"
478,"Asian Gourmet Slice Bamboo Shoots
8 ounce
1B"
479,"SAMURAI Peanuts, Chili-Flavored, Crunchy
3.17 ounce
1B"
480,"Yamamotoyama Tea, Jasmine
16 ct.
1B"
481,"Yamamotoyama Green Tea with Roasted Brown Rice, Tea Bags
16 ct.
1B"
482,"Yamamotoyama Green Tea, Roasted, Bags
16 ct.
1B"
483,"Kikkoman Marinade & Sauce, Teriyaki
1.25 quart
1B"
484,"ROBINSONS Barley Water, Orange
28.7 fl. oz.
15B"
485,"Crosse & Blackwell Shrimp Sauce
12 ounce
15B"
486,"Hi-Chew Chewy Candy, Mango
1.76 ounce
1B"
487,"YAMA MOTO YAMA Tea, Oolong, Bags
16 ct.
1B"
488,"Hi-Chew Chewy Candy, Green Apple
1.76 ounce
1B"
489,"Hi-Chew Chewy Candy, Grape
1.76 ounce
1B"
490,"Hi-Chew Chewy Candy, Sweet & Sour Watermelon
1.76 ounce
1B"
491,"MIKE'S ORGANIC CURRY LOVE Curry Paste, Green Thai
2.8 ounce
1B"
492,"Mike's Organic Curry Love Curry Paste, Red Thai, Spicy Hot
2.8 ounce
1B"
493,"Samura Coated Peanuts
3.17 ounce
1B"
494,"Snapdragon Soup Bowl, Singapore Laksa Curry
2.1 ounce
1B"
495,"MIKE'S ORGANIC CURRY LOVE Curry Paste, Yellow Thai
2.8 ounce
1B"
496,"Sprite Lemon Lime Soda
12 fl. oz.
15B"
497,"Goya Hot Sauce, Salsa Picante
6 fl. oz.
15B"
498,"House Of Tsang Classic Sauce, Stir-Fry
11.5 ounce
1B"
499,"Charras Corn Tostadas, Original
12.3 ounce
15B"
500,"Xochitl Salsa, Asada Verde, Medium
15 ounce
15B"
501,"Xochitl Salsa, Stone Ground, Mild
15 ounce
15B"
502,"Xochitl Salsa, Chipotle, Medium
15 ounce
15B"
503,"Desert Pepper Chile con Queso, Medium
16 ounce
15B"
504,"Coffee Crisp Wafer Bar, Coffee Creme
1.76 ounce
15B"
505,"La Preferida Taco Shells, Gluten Free, Corn, Crunchy
6 ounce
15B"
506,"Wegmans Organic Sauce, Taco, Original
12 ounce
15B"
507,"Krakus Dill Pickles, Polish
30 fl. oz.
15B"
508,"Iron Chef Sauce & Glaze, General Tso's
40 ounce
1B"
509,"Hukkura Brown Rice, 10%-Milled
4.4 lb.
1B"
510,"Hatch Taco Sauce, Fire-Roasted Tomato, Medium
7.5 ounce
15B"
511,"Walkerswood Jerk Marinade, Spicy
17 fl. oz.
15B"
512,"Jarritos Soda, Pineapple
50.72 fl. oz.
15B"
513,"Laxmi Brand Masoor Local, Whole
2 lb.
15B"
514,"Biscuits, Raspberry Flavour
4.9 ounce
15B"
515,"Koyo Ramen, Lemongrass Ginger
2.1 ounce
1B"
516,"Goya Quinua, Quinua Seeds
12 ounce
15B"
517,"Cuetara Cookies, Maria
7.04 ounce
15B"
518,"Nishiki Rice, Haiga, Medium Grain
5 lb.
1B"
519,"Krakus Cucumbers, in Brine
30 fl. oz.
15B"
520,"Goya Coffee
8.8 ounce
15B"
521,"Kikkoman Stir-Fry Sauce
12.1 ounce
1B"
522,"LAXMI Tamarind, Concentrate, Natural
14 ounce
15B"
523,"Lotte Carbonated Drink, Original, Milkis
50.7 fl. oz.
1B"
524,"Gaucho Ranch Chimichurri, Caribbean
12.5 ounce
15B"
525,"Koyo Ramen, Tofu Miso
2 ounce
1B"
526,"Assi Brand Aloe Vera Drink, Sugar Free, Aloe
1.5 liter
1B"
527,"Healthee Brown Rice, Organic, Fried-Style
7.6 ounce
1B"
528,"Krakus Sauerkraut
31.74 ounce
15B"
529,"Goya Ham Flavored Concentrate
1.41 ounce
15B"
530,"Ve Wong Soup, Instant, Oriental Noodle, Shrimp Flavor
3 ounce
1B"
531,"Inca Kola Beverage, Carbonated, The Golden Kola
2 liter
15B"
532,"Chef Shaikh's Curry Sauce, Mild
15.5 ounce
15B"
533,"Asian Gourmet Peanut Sauce, Thai
7 ounce
1B"
534,"Frontera Salsa, Jalapeno Cilantro, Medium
16 ounce
15B"
535,"Goya Tomato Sauce, Seasoned
8 ounce
15B"
536,"Laxmi Brand Basmati Rice
2 lb.
15B"
537,"Ortega Good Grains Taco Shells, Blue Corn
4.9 ounce
15B"
538,"Goya Green Lima Beans
15 ounce
15B"
539,"Goya Cooking Wine, Vino De Cocinar
25.4 fl. oz.
14B"
540,"Urban Accents Blend, Mesa Rosa Chipotle
3.1 ounce
15B"
541,"Jayone Rice Snack, Crunchy, Honey Cinnamon
2.8 ounce
1B"
542,"Cacique Cotija
10 ounce
15B"
543,"ORTEGA Skillet Sauce, Taco
7 ounce
15B"
544,"S & B Wasabi
1.52 ounce
1B"
545,"Maggi Bouillon, Chicken Flavor, Soft Dissolvable Tablets
3.38 ounce
15B"
546,"ORTEGA Skillet Sauce, Fajita
7 ounce
15B"
547,"Laxmi Brand Chick Peas, Kabuli Chana
2 lb.
15B"
548,"Kitchens of India Hyderabadi Korma, Rich Cashew & Cumin, Mild
12.2 ounce
15B"
549,"BAUDUCCO Wafer, Vanilla
5.82 ounce
15B"
550,"Goya Refried Black Beans, Casero
16 ounce
15B"
551,"Urban Accents Spicy Blend, Caribbean, Jamaican Jerk BBQ
2.8 ounce
15B"
552,"Ortega Skillet Sauce, Cilantro & Green Chile
7 ounce
15B"
553,"Goya Pinto Beans, Low Sodium
15.5 ounce
15B"
554,"Han Kuk Mi Rice, Premium, Sushi
5 lb.
1B"
555,"Goya Vienna Sausages, Chicken
4.6 ounce
15B"
556,"Assi Brand Soup, Rice Noodles with Kimchi Flavored
3.17 ounce
1B"
557,"Assi Brand Soup, Rice Noodles with Beef Flavored
3.17 ounce
1B"
558,"Stonewall Kitchen Salsa, Black Bean
16.75 ounce
15B"
559,"Assi Brand Soup, Rice Noodles with Hot & Spicy Flavored
3.17 ounce
1B"
560,"Stonewall Kitchen Salsa, Pineapple Chipotle
16 ounce
15B"
561,"Goya Lentils
15.5 ounce
15B"
562,"Healthee Organic Brown Rice, Coconut
7.6 ounce
1B"
563,"Stonewall Kitchen Salsa, Mango Lime
16 ounce
15B"
564,"Goya Corn, White, Giant
14 ounce
15B"
565,"Goya Olive Oil, Extra Virgin
17 fl. oz.
12B"
566,"Goya Adobo All Purpose Seasoning, Lemon & Pepper
8 ounce
15B"
567,"BAUDUCCO Wafer, Chocolate
5.82 ounce
15B"
568,"Kikkoman Soup, Instant, Soybean Paste, (Red), Aka Miso
1.05 ounce
1B"
569,"Kikkoman Instant Soup, Soybean Paste with Tofu, Tofu Miso
1.05 ounce
1B"
570,"Kikkoman Curry Sauce, Thai Red
10.9 ounce
1B"
571,"Asian Gourmet Rice Crackers, Sesame
3.5 ounce
1B"
572,"Goya Cannellini
29 ounce
15B"
573,"Goya Roman Beans, Premium
15.5 ounce
15B"
574,"Asian Gourmet Rice Crackers, Plain
3.5 ounce
1B"
575,"Frontera Taco Skillet Sauce, Chicken, Mild
8 ounce
15B"
576,"Nature's Charm Jackfruit, Young Green, in Brine
20 ounce
1B"
577,"House Of Tsang Cooking Oil, Stir-Fry
10 fl. oz.
1B"
578,"BAUDUCCO Wafer, Strawberry
5.82 ounce
15B"
579,"Cafe Bustelo Coffee, Ground, Decaffeinated
10 ounce
15B"
580,"Kikkoman Dipping Sauce, Gyoza
10 fl. oz.
1B"
581,"Goya Great Northern Beans
15.5 ounce
15B"
582,"Goya Artichoke Hearts
14 ounce
15B"
583,"Angelo Pietro Dressing, Home Style, Original
9.3 fl. oz.
1B"
584,"Angelo Pietro Dressing, Sesame & Miso, Home Style
9.3 fl. oz.
1B"
585,"Lotus Foods Rice Ramen, Millet & Brown
2.8 ounce
1B"
586,"Lotus Foods Rice Ramen, Jade Pearl
2.8 ounce
1B"
587,"Lotus Foods Rice Ramen, Forbidden
2.8 ounce
1B"
588,"House Of Tsang Szechuan Spicy Sauce, Stir-Fry, Hot
11.5 ounce
1B"
589,"Asian Gourmet Rice Crackers, Wasabi
3.5 ounce
1B"
590,"Kikkoman Sauce, Sweet & Sour
11.5 ounce
1B"
591,"Sea's Gift Sushi Nori
0.85 ounce
1B"
592,"Bewley's Tea, Irish Breakfast, Premium Teabags
80 ct.
15B"
593,"Patak's Original Simmer Sauce, Mango Curry, Mild
15 ounce
15B"
594,"Wilkin & Sons Ltd Preserve, Ginger
12 ounce
15B"
595,"Myojo Japanese Style Noodles, with Soup Base, Chicken Flavor
7.23 ounce
1B"
596,"Bauducco Wafer, Coconut
5.82 ounce
15B"
597,"Nongshim Noodle Soup, Bowl, Beef Flavor
3.03 ounce
1B"
598,"Kikkoman Rice Seasoning, Sweet Cooking, Manjo Aji-Mirin
10 fl. oz.
1B"
599,"Goya Coconut Water, with Pulp
13.5 fl. oz.
15B"
600,"Knorr Bouillon, Chicken Flavor
7.9 ounce
15B"
601,"Goya Olives, Manzanilla, Pimientos & Capers, Alcaparrado
8 ounce
15B"
602,"Assi Pasta, Oriental Style Noodle
2 lb.
1B"
603,"Assi Pasta, Oriental Style Noodle
2 lb.
1B"
604,"Goya Salad Olives, Pitted Manzanilla
7 ounce
14B"
605,"Annie Chun's Noodle Bowl, Peanut Sesame, Thai-Style, Mild
8.7 ounce
14B"
606,"Frontera Guacamole Mix, Original
4.5 ounce
15B"
607,"Kikkoman Soy Sauce, Tamari
10 fl. oz.
1B"
608,"Kikkoman Soy Sauce, Organic
10 fl. oz.
1B"
609,"Goya Kidney Beans, Red, Premium
29 ounce
15B"
610,"Thai Kitchen Rice Noodles, Thin
8.8 ounce
1B"
611,"Kikkoman Dipping Sauce, for Noodles, Soba Tsuyu
10 fl. oz.
1B"
612,"Stonewall Kitchen Bloody Mary Mixer
24 fl. oz.
15B"
613,"El Jibarito Pigeon Peas
15.5 ounce
15B"
614,"Stonewall Kitchen Mixer, Margarita
24 fl. oz.
15B"
615,"Cacique Table Cream, Creama Mexicana
15 fl. oz.
15B"
616,"Walkers Shortbread, Pure Butter, Rounds
5.3 ounce
15B"
617,"Chef Shaikh's Curry Sauce, Medium
15.5 ounce
15B"
618,"Hana Noodles, Japanese Buckwheat
28.2 ounce
1B"
619,"Cacique Sour Cream, Salvadoran Style
15 ounce
15B"
620,"Soy Vay Marinade & Sauce, Veri Veri Teriyaki
21 ounce
1B"
621,"Crosse & Blackwell Pickle Relish, Branston
10.9 ounce
15B"
622,"Goya Coconut Milk
25.5 fl. oz.
15B"
623,"Hikari Miso, Organic, Red Type
17.6 ounce
14B"
624,"Herdez Salsa Casera, Medium
16 ounce
15B"
625,"Goya Guava Paste
16 ounce
15B"
626,"Jarritos Soda, Lime
12.5 fl. oz.
15B"
627,"La Preferida Organic Jalapeno Nacho Slices, Hot
11.5 ounce
15B"
628,"Three Elephants Coconut Juice, with Pulp
17.5 fl. oz.
1B"
629,"Nongshim Noodle Soup, Bowl, Hot & Spicy Flavor
3.03 ounce
1B"
630,"Laxmi Brand Rice, Brown Basmati
2 lb.
15B"
631,"RugenFisch Kieler Sprats, Smoked
3.88 ounce
15B"
632,"Laxmi Brand Cumin Powder
7 ounce
15B"
633,"Polar Bean Sprouts
15 ounce
1B"
634,"La Preferida Organic Jalapeno Nacho Slices, Mild
11.5 ounce
15B"
635,"Myojo Japanese Style Noodles, with Soup Base, Shrimp Flavor
7.23 ounce
1B"
636,"Goya Refried Pinto Beans, with Chipotle
16 ounce
15B"
637,"Drew's Salsa, Organic, Medium, Quinoa, Flax & Chia
12 ounce
15B"
638,"Star Drink, Mango, Value Pack
1.5 liter
1B"
639,"Drew's Salsa, Organic, Mango Habanero, Hot
12 ounce
15B"
640,"Dona Isabel Red Hot Pepper, Paste
7.5 ounce
15B"
641,"Assi Pasta, Oriental Style Noodles
2 lb.
1B"
642,"Goya Blackeye Peas, Premium
15.5 ounce
15B"
643,"Stonewall Kitchen Barbecue Sauce, Honey
11 fl. oz.
15B"
644,"Kikkoman Pearl Soymilk, Organic, Smart Creamy Vanilla
8 fl. oz.
1B"
645,"Goya White Beans, Small
16 ounce
15B"
646,"Botan Calrose Rice
20 lb.
1B"
647,"NA Noodle, Japanese Style
8.81 ounce
1B"
648,"Assi Noodle, Buckwheat, Soba
2 lb.
1B"
649,"Stonewall Kitchen Teriyaki Sauce, Garlic
11 fl. oz.
15B"
650,"Goya Whole Green Peas, Chicharos
16 ounce
15B"
651,"Kikkoman Soup Mix, Chinese Style Egg Flower, Hot & Sour
0.88 ounce
1B"
652,"Stonewall Kitchen Baby Back Rib Sauce
11 fl. oz.
15B"
653,"Stonewall Kitchen Fig Sauce, Vidalia Onion
11 fl. oz.
15B"
654,"Companion Braised Gluten, Cha'i-Pow-Yu
10 ounce
1B"
655,"Kikkoman Pearl Soymilk, Organic, Smart Chocolate
8 fl. oz.
1B"
656,"S&B Curry Powder, Oriental
3 ounce
1B"
657,"Kikkoman Soup Mix, Chinese Style Egg Flower, Vegetable
1.05 ounce
1B"
658,"Stonewall Kitchen Marinade/Dipping Sauce, Sriracha Teriyaki
11 fl. oz.
15B"
659,"Kikkoman Shiro Miso Soup, Instant
1.05 ounce
1B"
660,"Goya Ginger Beer, Jamaican Style, Nonalcoholic
2 liter
15B"
661,"Hatch Green Chiles, Whole, Select, Fire-Roasted, Mild
4 ounce
15B"
662,"Kikkoman Soymilk, Organic, Green Tea
8 fl. oz.
1B"
663,"Goya Cocktail, Passion Fruit
33.8 fl. oz.
15B"
664,"Goya Red Beans, Small
16 ounce
15B"
665,"Tasty Bite Madras Lentils, Indian, Mild
10 ounce
15B"
666,"Goya Cow Peas
16 ounce
15B"
667,"Goya Coconut Soda
2 liter
15B"
668,"Red Gold Ketchup, Sriracha Hot Chili Sauce
20 ounce
1B"
669,"Assi Brand Aloe Drink, Aloe
16.9 fl. oz.
1B"
670,"Samai Plantain Chips, Jungle Chili
5 ounce
15B"
671,"Stonewall Kitchen Jelly, Red Pepper
11.75 ounce
15B"
672,"Royal Mills Iced Coffee
11 fl. oz.
1B"
673,"Samai Plantain Chips, Naturally Sweet
5 ounce
15B"
674,"Goya Golden Hominy Corn
16 ounce
15B"
675,"Samai Plantain Chips, Pacific Sea Salt
5 ounce
15B"
676,"House Of Tsang Hoisin Sauce, Stir-Fry
12.7 ounce
1B"
677,"Muso Miso, Brown Rice
5.2 ounce
14B"
678,"Orion Choco Pie Biscuit, Fluffy, with Marshmallow Filling
16.5 ounce
1B"
679,"Frontera Enchilada Sauce, Red Chile, Mild
8 ounce
15B"
680,"Calbee Snow Pea Crisps, Original
2.47 ounce
1B"
681,"Frontera Fajita Skillet Sauce, Classic, Medium
8 ounce
15B"
682,"Muso Miso, Dark Aged
5.2 ounce
14B"
683,"Frontera Taco Skillet Sauce, Ground Beef, Mild
8 ounce
15B"
684,"Goya Enriched Medium Grain Rice
16 ounce
15B"
685,"DG Beer, Ginger
12 fl. oz.
15B"
686,"Stonewall Kitchen Jelly, Hot Pepper
13 ounce
15B"
687,"Assi Brand Honey Citron Tea
2.2 lb.
1B"
688,"Assi Brand Honey, Ginger Tea
2.2 lb.
1B"
689,"MTR Breakfast in a Cup, Poha
2.82 ounce
15B"
690,"MTR Breakfast in a Cup, Upma
2.82 ounce
15B"
691,"Pilon Coffee, Ground, Espresso
10 ounce
15B"
692,"Stonewall Kitchen Grille Sauce, Roasted Apple
11 fl. oz.
15B"
693,"MTR Breakfast in a Cup, Khatta Meetha Poha
2.82 ounce
15B"
694,"Stonewall Kitchen Grille Sauce, Curried Mango
11 fl. oz.
15B"
695,"Canilla Golden Parboiled Rice, Enriched, Long Grain
5 lb.
15B"
696,"Dynasty Jasmine Rice
25 lb.
1B"
697,"Kitchens of India Punjabi Tikka Masala, Rich Creamy Tomato, Mild
12.2 ounce
15B"
698,"Goya Rice, Enriched, Medium Grain
20 lb.
15B"
699,"Stonewall Kitchen Jam, Roasted Garlic Onion
11.75 ounce
15B"
700,"Sapporo Ichiban Soup, Japanese Style Noodles & Beef Flavored
3.5 ounce
1B"
701,"Goya Canilla Rice, Enriched, Extra Long Grain
16 ounce
15B"
702,"Nishiki Brown Rice, Premium
2 lb.
1B"
703,"Hakubai Sweet Rice
2 lb.
1B"
704,"Stonewall Kitchen Sauce, Sesame Ginger Teriyaki
11 fl. oz.
15B"
705,"Stonewall Kitchen Dressing, Sesame Ginger
11 fl. oz.
15B"
706,"Tasty Bite Channa Masala, Indian, Mild
10 ounce
15B"
707,"Amy's Chili, Organic, with Vegetables, Medium
14.7 ounce
15B"
708,"Stonewall Kitchen Whiskey Sauce, Roasted Peach
11 fl. oz.
15B"
709,"Asian Gourmet Five Spice Powder, Chinese
2 ounce
1B"
710,"Goya Corn Meal, Enriched, White
5 lb.
15B"
711,"Peacock Rice Spaghetti
7 ounce
1B"
712,"Asian Gourmet Wasabi Powder, Japanese
2 ounce
1B"
713,"Asian Gourmet Chinese Noodles, Extra Crispy
13 ounce
1B"
714,"Peacock Rice Vermicelli
7 ounce
1B"
715,"Tasty Bite Vegetable Tikka Masala, Indian, Mild
10 ounce
15B"
716,"Three Elephants Brown Rice, Jasmine
15 lb.
1B"
717,"Goya Black Beans
4 lb.
15B"
718,"Amy's Chili, Organic, Medium
14.7 ounce
15B"
719,"Amy's Chili, Organic, Spicy
14.7 ounce
15B"
720,"Myojo Udon
6.98 ounce
1B"
721,"Jayone Somen, Tomoshiraga
16 ounce
1B"
722,"YamaMotoYama Seaweed, Roasted Sushi
2.6 ounce
1B"
723,"KOON CHUN Hoisin Sauce
15 ounce
1B"
724,"Krakus Povidel, Plum Butter
9.88 ounce
15B"
725,"Cacique Chorizo, Soy
9 ounce
15B"
726,"Terry Ho's Yum Yum Sauce
16 fl. oz.
1B"
727,"Kokuho Rose Rice
5 lb.
1B"
728,"Goya Refresco Soda, Guava
12 fl. oz.
15B"
729,"Lotus Foods Rice Ramen, Organic, Jade Pearl
10 ounce
1B"
730,"Coca-Cola Cola
48 fl. oz.
15B"
731,"Shashi Chick Peas Flour, Gram Flour Besan
4.4 lb.
15B"
732,"Lotus Foods Rice Ramen, Organic, Millet & Brown
10 ounce
1B"
733,"Oriental Mascot Cooking Wine, Chinese
20 fl. oz.
1B"
734,"Stonewall Kitchen Dipping Oil, Italian
8 fl. oz.
15B"
735,"Calbee Chips, Baked, Shrimp
4 ounce
1B"
736,"Oriental Mascot Cooking Wine, Chinese
20 fl. oz.
1B"
737,"Urban Accents Steak Rub, Argentina
2.5 ounce
15B"
738,"Kokuho Rose Sushi Rice
10 lb.
1B"
739,"Goya Tortillas, Flour, Fajitas
8.67 ounce
15B"
740,"Goya Refresco Soda, Pineapple
2 liter
15B"
741,"Hakubaku Somen, Organic
9.5 ounce
1B"
742,"KONG YEN Vinegar, Black
20.2 fl. oz.
1B"
743,"Goya Tortillas, Flour, Soft Tacos
12.65 ounce
15B"
744,"ANNIE CHUN'S Seaweed Snacks, Organic, Sesame
0.35 ounce
1B"
745,"Goya Tortillas, Flour, Burritos
20 ounce
15B"
746,"Vigo Black Beans & Rice, Authentic
8 ounce
15B"
747,"Heinz Salad Cream, Original
14.9 ounce
15B"
748,"Laxmi Brand Ginger Powder
7 ounce
15B"
749,"Stonewall Kitchen Pancake & Waffle Mix, Farmhouse
16 ounce
15B"
750,"Sangaria Soft Drink, Carbonated, Ramune
6.76 fl. oz.
1B"
751,"Laxmi Brand Channa Dal
2 lb.
15B"
752,"A Taste of Thai Red Curry Noodles
5.75 ounce
1B"
753,"Goya Bouillon, Chicken Flavored, Reduced Sodium, Powdered
2.82 ounce
15B"
754,"Goya Rice & Red Beans
7 ounce
15B"
755,"Sangaria Soft Drink, Carbonated, Orange Flavor
6.76 fl. oz.
1B"
756,"Sangaria Soft Drink, Carbonated, Melon Flavor
6.76 fl. oz.
1B"
757,"Stonewall Kitchen Pancake & Waffle Mix, Blueberry
16 ounce
15B"
758,"Sangaria Soft Drink, Carbonated, Ramune, Grape Flavor
6.76 fl. oz.
1B"
759,"Goya Refresco Ginger Beer, Jamaican Style
12 fl. oz.
15B"
760,"Sangaria Soft Drink, Carbonated, Ramune, Strawberry Flavor
6.76 fl. oz.
1B"
761,"Laxmi Brand Pepper, Black, Whole
7 ounce
15B"
762,"Vigo Red Beans & Rice, Authentic
8 ounce
15B"
763,"Annie Chun's White Rice, Sticky, Restaurant-Style
7.4 ounce
1B"
764,"Botan Rice, Calrose
5 lb.
1B"
765,"Galil Chestnuts, Organic, Roasted
3.5 ounce
1B"
766,"Alstertor Mustard, Dusseldorf Style
8.45 ounce
15B"
767,"Goya Marinade, Sweet N' Savory Pineapple, Mojo Pina
24.5 fl. oz.
15B"
768,"Joyce Chen Dipping Sauce, Potsticker, Mild Ginger
8 fl. oz.
1B"
769,"Laxmi Brand Red Chillies, Whole
7 ounce
15B"
770,"Lotte Pepero, Almond
1.13 ounce
1B"
771,"Goya Red Beans in Sauce
15 ounce
15B"
772,"Viet Way Shallot, Fried
14 ounce
1B"
773,"Thai Kitchen Gluten Free Garlic & Vegetable Instant Rice Noodle Soup
1.6 ounce
14B"
774,"Laxmi Brand Red Chillies, Crushed
7 ounce
15B"
775,"Goya Pink Beans, Prime Premium
15.5 ounce
15B"
776,"Goya White Hominy, Pozole
15 ounce
15B"
777,"Jayone Aloe Drink, Original
50.7 fl. oz.
1B"
778,"Ty-Phoo Tea, British, Bags
80 ct.
15B"
779,"Vigo Yellow Rice, Low Sodium, Saffron
8 ounce
15B"
780,"Jayone Aloe Drink, Mango Flavored
50.7 fl. oz.
1B"
781,"Ty Phoo Tea, Great British, Decaf, Teabags
80 ct.
15B"
782,"JFC Sesame Seed, Black, Roasted
3.5 ounce
1B"
783,"Jayone Aloe Drink, Pomegranate Flavor
50.7 fl. oz.
1B"
784,"JFC International Rice, Japanese, Cooked, Value Pack
21.16 ounce
1B"
785,"Chifles Plantain Chips, Hot & Spicy
4.5 ounce
15B"
786,"Vegeta Seasoning, All Purpose
6 ounce
15B"
787,"JFC Sesame Seed, Sriracha Flavored, Premium Roasted
3.5 ounce
1B"
788,"Chifles Plantain Chips, Original
9 ounce
15B"
789,"Marco Polo Cherries, Sour, Pitted
24 ounce
15B"
790,"Pocky Biscuit Sticks, Cookies and Cream Covered
2.47 ounce
1B"
791,"Vavel Celery, with Carrot Salad
12 ounce
15B"
792,"Maya Kaimal Indian Simmer Sauce, Tikka Masala, Mild
12.5 ounce
15B"
793,"Lakeshore Mustard, Irish, Strong
7.06 ounce
15B"
794,"PEARL RIVER BRIDGE Soy Sauce, Superior Dark, Mushroom Flavored
16.9 fl. oz.
1B"
795,"Darbo Fruit Spread, Garden Strawberry
16 ounce
15B"
796,"Maya Kaimal Indian Simmer Sauce, Butter Masala, Mild
12.5 ounce
15B"
797,"Goya Yucca Chips
4 ounce
15B"
798,"Maya Kaimal Indian Simmer Sauce, Madras Curry, Spicy
12.5 ounce
15B"
799,"Joyce Chen Sesame Oil, Roasted, Kosher
8 fl. oz.
1B"
800,"Maya Kaimal Indian Simmer Sauce, Kashmiri Curry, Mild
12.5 ounce
15B"
801,"Chi-Chi's Salsa, Thick & Chunky, Medium
16 ounce
15B"
802,"Pocky Biscuit Sticks, Match
1.41 ounce
1B"
803,"GOYA Coconut Water, with Pulp
17.6 fl. oz.
15B"
804,"Foco Coconut Juice
17.6 fl. oz.
1B"
805,"Goya Tomato Sauce, Spanish Style, Low Sodium
8 ounce
15B"
806,"Erawan Brand Oriental Style Noodle, Size L
16 ounce
1B"
807,"Joyce Chen Soy Sauce, Gluten Free, Less Sodium
10 fl. oz.
1B"
808,"Amy's Salsa, Medium
14.7 ounce
15B"
809,"Heinz Classic Soup, Potato & Leek
14.1 ounce
15B"
810,"Simply Asia Noodle Bowl, Sesame Teriyaki, Mild
8.5 ounce
1B"
811,"Goya Cocktail, Passion Fruit
9.6 fl. oz.
15B"
812,"Joyce Chen Hoisin Sauce, Kosher
9.5 ounce
1B"
813,"Annie Chun's Brown Rice, Sprouted, Restaurant-Style
6.3 ounce
1B"
814,"Rio Rancho Tostada Bowls, Six-Inch
5 ounce
15B"
815,"Sangaria Soft Drink, Carbonated, Ramune
40.56 fl. oz.
1B"
816,"Sangaria Soft Drink, Carbonated, Ramune, Grape Flavor
40.56 fl. oz.
1B"
817,"Sangaria Soft Drink, Carbonated, Orange Flavor
40.56 fl. oz.
1B"
818,"Royal Family Mochi, Red Bean
7.4 ounce
1B"
819,"Royal Family Mochi, Sesame
7.4 ounce
1B"
820,"Patak's Simmer Sauce, Butter Chicken Curry, Mild
15 ounce
15B"
821,"Blue Dragon Stir Fry Sauce, Pad Thai
3.4 fl. oz.
1B"
822,"Nongshim Neoguri Noodle Soup, Spicy Seafood, Family Pack
16.93 ounce
1B"
823,"Lakeshore Mustard, Wholegrain, with Irish Whiskey
7.23 ounce
15B"
824,"Polar Lychee, Peeled
11 ounce
1B"
825,"Kitchens of India Black Gram Lentils Curry, Dal Bukhara
10 ounce
15B"
826,"Sangaria Soft Drink, Carbonated, Ramune, Strawberry Flavor
40.56 fl. oz.
1B"
827,"Laxmi Brand Cinnamon Sticks
7 ounce
15B"
828,"Goya Maria Cookies
3.5 ounce
15B"
829,"Goya Palmeritas
5.82 ounce
15B"
830,"Goya Cookies, Chocolate, Maria
7 ounce
15B"
831,"Goya Refresco Cola Champagne
12 fl. oz.
15B"
832,"ANNIE CHUN'S Seaweed Snacks, Organic, Wasabi
0.35 ounce
1B"
833,"Laxmi Brand Garam Masala
7 ounce
15B"
834,"Jyoti Natural Foods Matar-Paneer
15 ounce
15B"
835,"Kikkoman Soy Sauce, Sweet, for Rice
10 fl. oz.
1B"
836,"ANNIE CHUN'S Seaweed Snacks, Organic, Sea Salt
0.35 ounce
1B"
837,"ANNIE CHUNS Seaweed Snacks, Organic, Sea Salt & Vinegar
0.35 ounce
1B"
838,"House Foods Sauce Mix, Vermont Curry, Med/Hot
8.11 ounce
1B"
839,"Viet Way Noodle, Rice, S
14 ounce
1B"
840,"Wilkin & Sons Ltd Tiptree Preserve, Strawberry
12 ounce
15B"
841,"Laxmi Brand Red Chilli Powder
7 ounce
15B"
842,"Jayone Soybean Paste, Fermented
1.1 lb.
1B"
843,"Viet Way Noodle, Rice, L
14 ounce
1B"
844,"Jayone Soybean Paste, Seasoned Fermented
1.1 lb.
1B"
845,"India Tree Gourmet Spices & Specialties Sugar, Caster, Superfine Cane
1 lb.
15B"
846,"Thai Kitchen Rice Noodle Soup, Instant, Lemongrass & Chili
1.6 ounce
14B"
847,"Jayone Red Pepper Paste, Fermented
1.1 lb.
1B"
848,"Mama Instant Noodles, Oriental Style, Artificial Pork Flavour, Jumbo Pack
3.17 ounce
1B"
849,"Kikkoman Takumi Collection Teriyaki Sauce, Korean BBQ
21.25 ounce
1B"
850,"Myojo Japanese Style Noodles, Udon, with Soup Base, Beef Flavor
7.23 ounce
1B"
851,"La Preferida Taco Seasoning
1.25 ounce
15B"
852,"Mama Instant Noodles, Oriental Style, Shrimp (Tom Yum) Flavour, Jumbo Pack
3.17 ounce
1B"
853,"Asian Gourmet Hoisin Sauce, Mandarin Style
7.5 ounce
1B"
854,"Wegmans Vegetarian Oyster Style Sauce
7.5 ounce
1B"
855,"La Preferida Fajita Seasoning
1.25 ounce
15B"
856,"Asian Gourmet Curly Noodles, Chuka Soba
5 ounce
1B"
857,"Badia Marinade, Mojo
20 fl. oz.
15B"
858,"Kikkoman Restaurant Series Black Bean Sauce, with Garlic
8.7 ounce
1B"
859,"GOYA Guava Paste
21 ounce
15B"
860,"Polar Stir Fry Vegetables
15 ounce
1B"
861,"Chivers Marmalade, Olde English
12 ounce
15B"
862,"House Of Tsang Teriyaki Sauce, Stir-Fry, Mild
11.5 ounce
1B"
863,"Myojo Udon, Artificial Mushroom Flavor
7.23 ounce
1B"
864,"Wan Ja Shan Tamari, Organic
10 fl. oz.
1B"
865,"Guarana Soda, Guarana
141.96 fl. oz.
15B"
866,"Laxmi Brand Cumin Seeds
7 ounce
15B"
867,"Wan Ja Shan Tamari, Organic, Less Sodium
10 fl. oz.
1B"
868,"Crosse & Blackwell Capers, 100% Non-Pareil
3.5 ounce
15B"
869,"Hapi Crackers, Mixed
6 ounce
1B"
870,"Dynasty Bean Threads, Saifun, 3 Pack Tray
5.29 ounce
1B"
871,"PG Tips Black Tea, Pyramid Tea Bags
40 ct.
15B"
872,"Goya Juice, Pineapple
9.6 fl. oz.
15B"
873,"S&B Sauce Mix, Golden Curry, Hot
3.2 ounce
1B"
874,"S&B Sauce Mix, Golden Curry, Medium Hot
3.2 ounce
1B"
875,"Laxmi Brand Moong Dal
2 lb.
15B"
876,"Assi Seaweed, Seasoned
2.1 ounce
1B"
877,"Sazon Goya Seasoning, Coriander & Annatto, Jumbo Pack
6.33 ounce
15B"
878,"Blue Dragon Spring Roll Wrappers
4.7 ounce
1B"
879,"S&B Sauce Mix, Golden Curry, Mild
3.2 ounce
1B"
880,"Crosse & Blackwell Chutney, Major Grey's
9 ounce
15B"
881,"Goya Nectar, Apricot
9.6 fl. oz.
15B"
882,"Mrs Renfro's Salsa, Habanero, Hot
16 ounce
15B"
883,"Dynasty Rice Sticks, Maifun
6.75 ounce
1B"
884,"Badia Complete Seasoning, The Original
12 ounce
15B"
885,"Dalmatia Sour Cherry Spread
8.5 ounce
15B"
886,"Badia Garlic Powder
10.5 ounce
15B"
887,"Milka Milk Chocolate Confection, Alpenmilch
3.5 ounce
15B"
888,"Birds Custard Powder
10.5 ounce
15B"
889,"Cacique Ranchero Cheese, Part Skim Milk
10 ounce
15B"
890,"Cabal Chimichurri, Original
8 ounce
15B"
891,"Goya Yellow Rice & Corn, with Seasoning
7 ounce
15B"
892,"McCann's Irish Oatmeal, Steel Cut, Quick & Easy
16 ounce
15B"
893,"Goya Pinto Beans
4 lb.
15B"
894,"GOYA Nectar, Mango
9.6 fl. oz.
15B"
895,"House Foods Sauce, Chinese Mabotufo, Med, Hot
5.29 ounce
1B"
896,"Goya Nectar, Soursop
9.6 fl. oz.
15B"
897,"Goya Nectar, Guava
9.6 fl. oz.
15B"
898,"Goya Nectar, Papaya
9.6 fl. oz.
15B"
899,"A Taste of Thai Pad Thai for Two
9 ounce
1B"
900,"Crosse & Blackwell Chutney, Hot Mango
9 ounce
15B"
901,"Wegmans Sliced Poblano Peppers
7 ounce
15B"
902,"Goya Crackers
12 ounce
15B"
903,"Sazon Goya Seasoning, Econo Pak
3.52 ounce
15B"
904,"GRACE Caribbean Traditions Seasoning, Oxtail
5.43 ounce
15B"
905,"Wegmans Sliced Hatch Green Chile Peppers
7 ounce
15B"
906,"Goya Prime Premium Pink Beans
15.5 ounce
15B"
907,"MTR Palak Paneer
10.58 ounce
15B"
908,"Goya Bouillon, Powdered, Chicken Flavored
2.82 ounce
15B"
909,"gimMe Organic Sushi Nori, Roasted Seaweed
0.81 ounce
1B"
910,"Goya Coconut Milk, Reduced Fat
13.5 fl. oz.
15B"
911,"A Taste of Thai Pad Thai Noodles
5.75 ounce
1B"
912,"Patak's Original Curry Paste, Concentrated, Biryani, Medium
10 ounce
15B"
913,"GreeNoodle Instant Noodle Soup, Yakisoba
3 ounce
1B"
914,"Goya Vienna Sausage
4.6 ounce
15B"
915,"Annie Chun's Noodle Bowl, Sweet Chili, Korean-Style, Medium
8 ounce
14B"
916,"Stonewall Kitchen Simmering Sauce, Coconut Curry
18.25 ounce
15B"
917,"Goya Sausage, Vienna
9 ounce
15B"
918,"Royal Family Mochi, Green Tea
7.4 ounce
1B"
919,"SAMURAI Peanuts, Coated,
3.17 ounce
1B"
920,"Patak's Relish, Mango, Medium
10 ounce
15B"
921,"Patak's Original Pickle, Hot Mango
10 ounce
15B"
922,"Goya Corned Beef
12 ounce
15B"
923,"Ribena Juice Drink, Blackcurrant
20.28 fl. oz.
15B"
924,"Patak's Original Relish, Lime, Medium
10 ounce
15B"
925,"Barry's Tea Tea, Gold Blend, Bags
40 ct.
15B"
926,"Stonewall Kitchen Horseradish Cream Sauce
8.25 ounce
15B"
927,"Badia Sazon Tropical
6.75 ounce
15B"
928,"Kung-Fu Soup, Instant, Oriental Noodle, Artificial Beef Flavor
3 ounce
1B"
929,"Goya Premium Canary Beans
15.5 ounce
15B"
930,"Patak's Original Simmer Sauce, Dopiaza Curry, Mild
15 ounce
15B"
931,"Kasugai Candy, Gummy, Lychee
3.59 ounce
1B"
932,"Nishiki Rice, Medium Grain
5 lb.
1B"
933,"A Taste of Thai Peanut Noodles
5.25 ounce
1B"
934,"Laxmi Brand Curry Powder
7 ounce
15B"
935,"Goya Adobo All Purpose Seasoning, Adobo, with Pepper
28 ounce
15B"
936,"Lee Kum Kee Soy Sauce
16.9 fl. oz.
1B"
937,"Meiji Hello Panda Cookies, Chocolate Creme Filled
24 ounce
1B"
938,"A Taste of Thai Rice Noodles, Straight Cut
16 ounce
1B"
939,"Fanta Soda, Orange
12 fl. oz.
15B"
940,"Goya Marinade, Mojo Chipotle
24.5 fl. oz.
15B"
941,"Stonewall Kitchen Aioli, Chipotle
10.25 ounce
15B"
942,"Goya Adobo All Purpose Seasoning, Hot
8 ounce
15B"
943,"Goya Pork Rinds, Hot n' Spicy Smokehouse Flavored
3 ounce
15B"
944,"Wilkin & Sons Ltd Preserve, Green Gooseberry
12 ounce
15B"
945,"Lotte Pepero, Original
1.66 ounce
1B"
946,"Laxmi Brand Toor Dal
2 lb.
15B"
947,"La Preferida Black Beans, Refried
16 ounce
15B"
948,"Goya Yellow Rice & Red Beans, Seasoned
7 ounce
15B"
949,"La Preferida Refried Beans
16 ounce
15B"
950,"Dynasty Brown Rice, Jasmine
2 lb.
1B"
951,"Goya Refresco Soda, Pineapple
12 fl. oz.
15B"
952,"Mezzo Mix Soda
11.7 fl. oz.
15B"
953,"Yissine Bulgogi Sauce, Korean, Premium
31.7 ounce
1B"
954,"Stonewall Kitchen Dip, Horseradish Bacon Mustard
8.75 ounce
15B"
955,"Patak's Simmer Sauce, Tikka Masala Spicy Curry, Hot
12.3 ounce
15B"
956,"Asian Gourmet Lo Mein Noodles, Chinese, Wide
8 ounce
1B"
957,"Patak's Original Simmer Sauce, Mild Curry, Mild
15 ounce
15B"
958,"Goya Pink Beans, in Sauce
15 ounce
15B"
959,"Goya Spanish Rice
7 ounce
15B"
960,"Patak's Simmer Sauce, Vindaloo Spicy Curry, Hot
12.3 ounce
15B"
961,"Goya Cookies, Maria
21.16 ounce
15B"
962,"Thai Kitchen Brown Rice Noodles
8 ounce
1B"
963,"Papad Udad Papad, Plain
7 ounce
15B"
964,"Goya Salsa, Pico de Gallo, Mild
17.6 ounce
15B"
965,"Wibisco Biscuits, Shirley
3.7 ounce
15B"
966,"Meiji Yan Yan Cracker Stick, with Dip, Double Creme, Chocolate & Strawberry Creme
2 ounce
1B"
967,"Goya Milk Caramel Spread
14 ounce
15B"
968,"Bibigo BBQ Sauce, Korean, Original
16.9 ounce
1B"
969,"Old Fisherman Eel, Roasted
3.5 ounce
1B"
970,"Nishiki Brown Rice, Medium Grain
7.4 ounce
1B"
971,"Simply Asia Noodle Bowl, Soy Ginger, Mild
8.5 ounce
1B"
972,"Bibigo BBQ Sauce, Korean, Hot & Spicy
16.9 ounce
1B"
973,"Marukan Rice Vinegar, Genuine Brewed
24 fl. oz.
1B"
974,"Ve Wong Soup, Instant, Oriental Noodle, Artificial Chicken Flavor, Kung Fu
2.82 ounce
1B"
975,"Iron Chef Sauce & Glaze, Sesame Garlic
15 ounce
1B"
976,"Patak's Original Simmer Sauce, Jalfrezi Curry, Medium
15 ounce
15B"
977,"Annie Chun's Soup Bowl, Pho, Vietnamese-Style, Mild
5.9 ounce
14B"
978,"Laxmi Brand Rose Water
5 fl. oz.
15B"
979,"Simply Asia Singapore Street Noodles, Garlic Basil, Medium
9.24 ounce
1B"
980,"POLAR Baby Corn, Nuggets
15 ounce
1B"
981,"Nishiki Rice, Medium Grain
7.4 ounce
1B"
982,"Jarritos Soda, Lime
50.72 fl. oz.
15B"
983,"Marukan Rice Vinegar, Seasoned Gourmet
24 fl. oz.
1B"
984,"Wibisco Biscuits, Shirley, Coconut
3.7 ounce
15B"
985,"Goya Refresco Soda, Fruit Punch
12 fl. oz.
15B"
986,"Mother in Law's Gochujang, Concentrate, Medium Heat
10 ounce
1B"
987,"JFC Sushi Makisu
1 each
1B"
988,"Lee Kum Kee Sauce, for Lettuce Wrap
8 ounce
1B"
989,"Bewley's Tea, Dublin Morning, Teabags
80 ct.
15B"
990,"Royal Rice, Indian Basmati, Authentic
10 lb.
15B"
991,"Dynasty Panko, Coconut
6 ounce
1B"
992,"MTR Tasty Delights Shahi Paneer, Ready to Eat
10.58 ounce
15B"
993,"Chef Shaikh's Curry Sauce, Hot
15.5 ounce
15B"
994,"Goya Garlic Powder
8 ounce
15B"
995,"Goya Corn Meal, Enriched, White
24 ounce
15B"
996,"Han Kuk Mi Rice, Premium, Medium Grain
15 lb.
1B"
997,"MTR Tasty Delights Chana Masala, Ready to Eat
10.58 ounce
15B"
998,"ABC Soy Sauce, Sweet
20.9 fl. oz.
1B"
999,"MTR Dal Fry
10.58 ounce
15B"
1000,"MTR Navratan Kurma
10.58 ounce
15B"
1001,"MTR Pav Bhaji
10.58 ounce
15B"
1002,"Milka Milk Chocolate Confection, with Caramel Creme Filling
3.5 ounce
15B"
1003,"Stonewall Kitchen Crackers, Down East, Sea Salt
5 ounce
15B"
1004,"Oriental Mascot Chinese Style Noodle
12 ounce
1B"
1005,"Ka Me Chopsticks, Bamboo
10 ct.
1B"
1006,"Frontera Salsa, Double Roasted Tomato, Medium
16 ounce
15B"
1007,"Goya Bulgur Wheat, Enriched, Coarse
24 ounce
15B"
1008,"Stonewall Kitchen Crackers, Down East, Rosemary Parmesan
5 ounce
15B"
1009,"Chicha Limena Drink, Chicha Morado, Traditional
16 fl. oz.
15B"
1010,"Simply Asia Noodle Kit, Pad Thai, Mild
9 ounce
1B"
1011,"Goya Corn Meal, Yellow, Enriched
24 ounce
15B"
1012,"Polar Corn, Baby, Whole
15 ounce
1B"
1013,"Goya Sardines, in Olive Oil
4.25 ounce
15B"
1014,"Goya Sardines in Oil, Spiced
4.25 ounce
15B"
1015,"Stonewall Kitchen Artichoke Pesto
8 ounce
15B"
1016,"Goya Sardines in Tomato Sauce
4.25 ounce
15B"
1017,"Simply Asia Noodle Bowl, Spicy Kung Pao, Hot
8.5 ounce
1B"
1018,"Stonewall Kitchen Pesto, Basil
8 ounce
15B"
1019,"Goya Sardines, in Tomato Sauce
15 ounce
15B"
1020,"Kikkoman Soup, Instant, Tofu-Spinach Miso
1.05 ounce
1B"
1021,"Jarritos Soda, Fruit Punch
12.5 fl. oz.
15B"
1022,"Jarritos Soda, Mandarin
12.5 fl. oz.
15B"
1023,"MDH Chana Dal Masala
3.5 ounce
15B"
1024,"Natural Nectar Choco Dream Cocoa Spread, Dark
12.3 ounce
15B"
1025,"Jarritos Soda, Tamarind
12.5 fl. oz.
15B"
1026,"Nongshim Chapagetti, Family Pack
17.92 ounce
1B"
1027,"Sau Tao Noodles, Scallop, Non-Fried
31 ounce
1B"
1028,"P.A.N. Corn Meal, White, Pre-Cooked
35.27 ounce
15B"
1029,"HP Sauce, Fruity
9 ounce
15B"
1030,"Fantastic World Foods Taco Filling
3.7 ounce
15B"
1031,"Maille Gherkins, Original
13.5 fl. oz.
15B"
1032,"Kikkoman Dipping Sauce, Sweet & Sour
12 ounce
1B"
1033,"Flahavan's Oats, Porridge, Irish, Original
17.5 ounce
15B"
1034,"Tajin Seasoning, Clasico, Mild, with Lime
5 ounce
15B"
1035,"Jyoti Natural Foods Punjabi Chhole
15 ounce
15B"
1036,"Tenayo Salsa, Original
16 ounce
15B"
1037,"Maggi Sweet Chili Sauce, Mild
10.1 fl. oz.
1B"
1038,"P.A.N. Corn Meal, Yellow, Pre-Cooked
35.3 ounce
15B"
1039,"Erawan Brand Noodle, Oriental Style, Size S
16 ounce
1B"
1040,"Thai Kitchen Coconut Cream, Unsweetened
13.66 fl. oz.
1B"
1041,"Stonewall Kitchen Mayo, Farmhouse
10.25 ounce
15B"
1042,"Aero Milk Chocolate, Mint
1.26 ounce
15B"
1043,"Goya Corn Meal, Coarse Yellow
24 ounce
15B"
1044,"Stonewall Kitchen Aioli, Sriracha
10.5 ounce
15B"
1045,"Amy's Salsa, Black Bean & Corn
14.7 ounce
15B"
1046,"Jyoti Madras Sambar
15 ounce
15B"
1047,"Kabuto Soup, Instant, Miso, Green Onion, Value Pack
3.26 ounce
1B"
1048,"Aero Milk Chocolate
1.26 ounce
15B"
1049,"Appel Herring Fillets, in Paprika Sauce
7.05 ounce
15B"
1050,"Goya Golden Canilla Rice, Parboiled
48 ounce
15B"
1051,"Pocky Biscuit Sticks, Chocolate, Almond Crush
1.45 ounce
1B"
1052,"Goya Squid Pieces, Premium, Jumbo, in Olive Oil
4 ounce
15B"
1053,"Goya Olives, Spanish, Stuffed Queen, with Minced Pimientos
6.5 ounce
15B"
1054,"Shan Recipe & Seasoning Mix, Tandoori Masala
1.76 ounce
15B"
1055,"Tenayo Salsa, Mild
16 ounce
15B"
1056,"Kabuto Soup, Instant, Miso, Wakame, Value Pack
3.35 ounce
1B"
1057,"Myojo Noodle Soup, Udon, Oriental Flavor, Japanese Style
5.59 ounce
1B"
1058,"Mori-Nu Tofu, Firm, Silken
12.3 ounce
1B"
1059,"Kabuto Soup, Instant, Miso, Tofu, Value Pack
3.17 ounce
1B"
1060,"Amma's Kitchen Banana Chips
14 ounce
15B"
1061,"Myojo Noodle Soup, Udon, Chicken Flavor, Japanese Style
5.61 ounce
1B"
1062,"Goya Olives, Stuffed, Minced Anchovies
5.25 ounce
15B"
1063,"Myojo Noodle Soup, Udon, Beef Flavor, Japanese Style
5.59 ounce
1B"
1064,"Mori-Nu Tofu, Soft, Silken
12 ounce
1B"
1065,"Myojo Noodle Soup, Udon, Hot & Spicy Flavor, Japanese Style
5.6 ounce
1B"
1066,"Goya Olives, Large Ripe Black
6 ounce
15B"
1067,"Appel Herring Fillets, in Tomato Sauce
7.05 ounce
15B"
1068,"Roland Tahini, Spiced, Za'atar
12.3 ounce
15B"
1069,"Goya Kidney Beans, Red
15 ounce
15B"
1070,"Mori-Nu Tofu, Lite Firm, Silken
12.3 ounce
1B"
1071,"Roland Tahini, Spiced, Roasted Garlic
12.3 ounce
15B"
1072,"Assi Dipping Sauce, Dumpling (Gyoza)
10 fl. oz.
1B"
1073,"Rio Grande Foods Tomato Sauce, Ranchera
8 ounce
15B"
1074,"Kikkoman Sushi Soy Sauce, Gluten-Free, Less Sodium
5 fl. oz.
1B"
1075,"Stonewall Kitchen Bloody Mary Mixer, Peppadew Sriracha
24 fl. oz.
15B"
1076,"Rio Grande Foods Prepared Sauce, Seasoned
8 ounce
15B"
1077,"Lee Kum Kee Sauce, for Broccoli Beef
8 ounce
1B"
1078,"Rio Grande Foods Tomato Sauce, with Cheese
8 ounce
15B"
1079,"Rio Grande Foods Tomato Sauce, Loroco's Flowers
8 ounce
15B"
1080,"La Preferida Taco Sauce, Red, Mild
7 ounce
15B"
1081,"Diamond G Farmers' Select Brown Rice, California Grown
20 lb.
1B"
1082,"Stonewall Kitchen Sauce, Sea Salt Caramel
12.25 ounce
15B"
1083,"Roland Spice Blend, Za'atar
2.46 ounce
15B"
1084,"Mama Vida Salsa, Roasted Pepper & Chipotle
12 ounce
15B"
1085,"Nishiki Brown Rice, Premium
15 lb.
1B"
1086,"Roland Spice Blend, Shawarma
3 ounce
15B"
1087,"Goya Sofrito
6 ounce
15B"
1088,"Mama Vida Salsa, Mango Pineapple
12 ounce
15B"
1089,"Myojo Noodles, Japanese Style, Tokusen Udon, with Soup Base
36.45 ounce
1B"
1090,"Stonewall Kitchen Sauce, Dulce de Leche
13 ounce
15B"
1091,"Roland Spice Blend, Harissa
2.46 ounce
15B"
1092,"Mama Vida Salsa, Smoked Corn & Black Bean
12 ounce
15B"
1093,"Roland Spice Blend, Rasel Hanout
3 ounce
15B"
1094,"Stonewall Kitchen Pancake & Waffle Mix, Farmhouse
33 ounce
15B"
1095,"Roland Spice Blend, Dukkah
2.29 ounce
15B"
1096,"Stonewall Kitchen Jam, Maple Bacon Onion
11.75 ounce
15B"
1097,"Ole Tostadas, Corn
14 ounce
15B"
1098,"Amma's Kitchen Madras Mixture
14 ounce
15B"
1099,"Cruz De Malta Yerba Mate Tea
35.2 ounce
15B"
1100,"Hime Inarizushi-No-Moto
10 ounce
1B"
1101,"Amma's Kitchen Kerala Mixture, Hot
14 ounce
15B"
1102,"Stonewall Kitchen Barbecue Sauce, Honey Sriracha
11 fl. oz.
15B"
1103,"Eden Pinto Beans, Organic, Refried, Spicy
16 ounce
15B"
1104,"Goya Alcaparrado, Pitted
7 ounce
15B"
1105,"Goya Canilla Enriched Rice, Extra Long Grain
20 lb.
15B"
1106,"Kikkoman Rice Seasoning, Sweet Cooking, Manjo Aji-Mirin
33.8 fl. oz.
1B"
1107,"Stonewall Kitchen Barbecue Sauce, Boozy Bacon
11 fl. oz.
15B"
1108,"Polar Bamboo Shoots, Sliced
8 ounce
1B"
1109,"Simply Asia Noodle Bowl, Roasted Peanut, Mild
8.5 ounce
1B"
1110,"Toto's Salsa, Blue Crab
12 ounce
15B"
1111,"Ve Wong Instant Oriental Noodle Soup, Pork & Chicken Flavor
3.17 ounce
1B"
1112,"Kasugai Gummy Candy, Strawberry
3.77 ounce
1B"
1113,"Stonewall Kitchen Marmalade, Orange Cranberry
13 ounce
15B"
1114,"MDH Garam Masala
3.5 ounce
15B"
1115,"Goya Large Farva Beans
16 ounce
15B"
1116,"Goya White Hominy Corn
1 lb.
15B"
1117,"Meiji Chocorooms
5 ounce
1B"
1118,"Jacob's Jaffa Cakes Spongy Cakes
5.18 ounce
15B"
1119,"Assi Hot Pepper Paste, Level 3 Medium Hot
2.2 lb.
1B"
1120,"Asian Gate Tom Yum Paste, Hot
8 ounce
1B"
1121,"Tenayo Salsa, Habanero
16 ounce
15B"
1122,"Taylors of Harrogate Yorkshire Gold Leaf Tea
8.8 ounce
15B"
1123,"Nongshim Noodle Pot Noodle Soup, Spicy Miso, Ansung Tang Myun, Family Pack
17.6 ounce
1B"
1124,"A Taste of Thai Panang Curry Paste
1.75 ounce
1B"
1125,"Goya Pinto Beans in Sauce
15 ounce
15B"
1126,"Sapporo Ichiban Miso Ramen, Soy Bean Paste Flavor
3.55 ounce
1B"
1127,"Goya Golden Hominy
15 ounce
15B"
1128,"Stonewall Kitchen Mustard, Sweet Honey
8.5 ounce
15B"
1129,"Tsuru Mai Brown Rice, California
1 lb.
1B"
1130,"Goya Ground Cumin
1.8 ounce
15B"
1131,"Cadbury Drinking Chocolate
8.8 ounce
15B"
1132,"Rice Researchers Rice, Brown, Premium Quality
5 lb.
1B"
1133,"Goya Pink Beans
16 ounce
15B"
1134,"Annie Chun's Soup Bowl, Miso, Japanese-Style, Mild
5.9 ounce
14B"
1135,"Aah Bisto Gravy Mix, Instant, for Beef
6 ounce
15B"
1136,"Goya Garlic Powder
2.6 ounce
15B"
1137,"GreeNoodle Instant Noodle Soup, Tom Yum
3 ounce
1B"
1138,"Sapporo Ichiban Noodles & Soup, Japanese Style, Chicken Flavored
3.5 ounce
1B"
1139,"Lee Kum Kee Oyster Flavored Sauce, Premium
9 ounce
1B"
1140,"Goya Alcaparrado
4.25 ounce
15B"
1141,"GreeNoodle Noodle Soup, Instant, Shiitake and Soy Sauce
2.6 ounce
1B"
1142,"Goya Manzanilla Spanish Olives, Stuffed with Minced Pimientos
3.75 ounce
15B"
1143,"House Foods Curry Sauce, with Vegetables, Mild
7 ounce
1B"
1144,"Sapporo Ichiban Chow Mein
3.6 ounce
1B"
1145,"Cacique Cheese, Queso Quesadilla, Shredded
7 ounce
15B"
1146,"Frontera Salsa, Tomatillo, Medium
16 ounce
15B"
1147,"Goya Chick Peas, Garbanzos, Premium
29 ounce
15B"
1148,"Laxmi Brand Mustard Seeds
7 ounce
15B"
1149,"Huy Fong Chili Garlic Sauce
18 ounce
1B"
1150,"Goya Plantain Chips, Garlic, Platanitos
5 ounce
15B"
1151,"Mrs. Renfro's Green Salsa, Jalapeno, Hot
16 ounce
15B"
1152,"Kikkoman Soy Sauce
2 quart
1B"
1153,"Stonewall Kitchen Aioli, Basil Pesto
10.25 ounce
15B"
1154,"Goya Plantain Chips
10 ounce
15B"
1155,"Pearl Soymilk, Organic, Green Tea
32 fl. oz.
1B"
1156,"Sadaf Falafel Mix
12 ounce
15B"
1157,"Cacique Cheese, Shredded, Four Quesos Blend
7 ounce
15B"
1158,"Masa Brosa Corn Masa, Instant
4 lb.
15B"
1159,"Bauducco Wafers, Dulce De Leche
5.82 ounce
15B"
1160,"Ah So Sauce, Barbecue
11 ounce
1B"
1161,"Coca-Cola Mexican Cola
288 fl. oz.
15B"
1162,"GOYA Coconut Water, Natural
11.8 fl. oz.
15B"
1163,"Rhee Chun Rice, Extra Fancy
15 lb.
1B"
1164,"Goya Juice, Pineapple
33.8 fl. oz.
15B"
1165,"Goya Jalapeno Peppers, Green Pickled
11 ounce
15B"
1166,"Goya Coconut Water, 100% Pure
16.9 fl. oz.
15B"
1167,"Kuhne Red Cabbage, Prepared with Apple
24 ounce
15B"
1168,"Stonewall Kitchen Company Classic Aioli, Roasted Garlic
10.25 ounce
15B"
1169,"Stonewall Kitchen Jam, Cherry Berry
12 ounce
15B"
1170,"Malta Goya Malt Beverage, Non-Alcoholic
12 fl. oz.
15B"
1171,"Stonewall Kitchen Aioli, Lemon Herb
10.25 ounce
15B"
1172,"Three Elephants Rice, Jasmine, Mixed
5 lb.
1B"
1173,"Armbruster Noodles, Black Forest, Spaetzle
16 ounce
15B"
1174,"El Viajero Bio Salud! Dairy Beverage, Cultured, Fresh Strawberry
10.5 fl. oz.
15B"
1175,"Three Elephants Gold Rice, Jasmine, Premium
10 lb.
1B"
1176,"Three Elephant Brand Mixed Jasmine Rice
20 lb.
1B"
1177,"Cacique Sour Cream, Spicy Jalapeno, Mexican Style
12 ounce
15B"
1178,"Armbruster Noodles, Black Forest, Extra Broad
16 ounce
15B"
1179,"Chifles Plantain Chips, Original
5 ounce
15B"
1180,"Casa Mexicana Seasoning Mix, Authentic, Chicken Fajitas
1 ounce
15B"
1181,"Joyce Chen Sichuan Peppercorn
0.75 ounce
1B"
1182,"Cacique Chorizo, Beef
9 ounce
15B"
1183,"Stonewall Kitchen Aioli, Habanero Mango
10.25 ounce
15B"
1184,"Cacique Chorizo, Pork
9 ounce
15B"
1185,"MDH Pav Bhaji Masala
3.5 ounce
15B"
1186,"Dalmatia Fig Spread, Orange
8.5 ounce
15B"
1187,"Kikkoman Katsu Sauce
11.75 ounce
1B"
1188,"Goya Corn Masa Flour, Instant, Masarica
4 lb.
15B"
1189,"Jarritos Soda, Mandarin
50.72 fl. oz.
15B"
1190,"KUHNE Cabbage, Red
24 ounce
15B"
1191,"Stonewall Kitchen Organics Jam, Maine Blueberry Cherry
8.5 ounce
15B"
1192,"Maesri Green Curry Paste
4 ounce
1B"
1193,"Kikkoman Batter Mix, Tempura, Extra Crispy
10 ounce
1B"
1194,"Hapi Sriracha Peas, Spicy
4.9 ounce
1B"
1195,"Krinos Tahini, Imported, Ground Sesame Seeds
1 lb.
15B"
1196,"JFC Katsuobushi Pack, Soft
0.88 ounce
1B"
1197,"Rio Grande Foods Black Beans, Refried, with Garlic
14 ounce
15B"
1198,"LEE KUM KEE Chili Oil, Peppercorn
3.9 fl. oz.
1B"
1199,"Rio Grande Foods Red Beans, Refried, with Garlic
14 ounce
15B"
1200,"Annie Chun's Soup Bowl, Hot & Sour, Chinese-Style, Medium
5.7 ounce
14B"
1201,"Rio Grande Foods Red Beans, Salvadoran, Chirilagua
4 lb.
15B"
1202,"Goya Seasoning, Sazon, Without Annatto, Econo Pak
3.52 ounce
15B"
1203,"Nongshim Soup, Bowl Noodle, Spicy Chicken Flavor
3.03 ounce
1B"
1204,"Taylors of Harrogate Tea, Yorkshire, Bags
40 ct.
15B"
1205,"Cafe Bustelo Coffee, Ground, Espresso
10 ounce
15B"
1206,"Hapi Peas, Sriracha, Spicy
9.9 ounce
1B"
1207,"Rio Grande Foods Drink Mix, Morro Orgeat, Horchata de Morro
12 ounce
15B"
1208,"Chung Jung One Glass Noodle, Gluten Free, Sweet Potato
3.5 ounce
1B"
1209,"Bailey Farms Ancho Chile, Dried
2 ounce
15B"
1210,"Wilkin & Sons Ltd Double One Marmalade, Fine Cut, Orange & Tangerine
12 ounce
15B"
1211,"Bailey Farms Arbol Chile, Dried
2 ounce
15B"
1212,"Krinos Grape Leaves, Imported, in Vinegar Brine
1 lb.
15B"
1213,"Bailey Farms Guajillo Chile, Dried
2 ounce
15B"
1214,"Cacique Sour Cream, Chipotle, Mexican Style
12 ounce
15B"
1215,"Bailey Farms California Chile, Dried
2 ounce
15B"
1216,"Bailey Farms Morita Chile, Dried
2 ounce
15B"
1217,"NA Pickled Ginger, Shredded
4.9 ounce
1B"
1218,"Bailey Farms Japones Chile, Dried
2 ounce
15B"
1219,"Siempre Lo Mejor Authentic Chile, Chipotle, Dried
2 ounce
15B"
1220,"Laxmi Brand Moong, Whole, Small
2 lb.
15B"
1221,"Gilway Mint Sauce, Fresh Garden
6.1 ounce
15B"
1222,"Bailey Farms New Mexico Chile, Dried
2 ounce
15B"
1223,"Nishiki Brown Rice, Whole Grain
5 lb.
1B"
1224,"La Preferida Jalapeno Nacho Slices, Hot
11.5 ounce
15B"
1225,"Laxmi Brand Tandoori Paste
8 fl. oz.
15B"
1226,"Laxmi Kesar Mango Pulp
30 ounce
15B"
1227,"Grace Hot Pepper Sauce, Scotch Bonnet
4.8 fl. oz.
15B"
1228,"Thai Kitchen Green Curry Paste, Hot
4 ounce
1B"
1229,"Kadoya Sesame Oil, Hot
5.5 fl. oz.
1B"
1230,"Sazon Goya Seasoning
1.41 ounce
15B"
1231,"JFC Sesame Seed, Premium Roasted, White
8 ounce
1B"
1232,"Goya Coconut Water, with a Mango Twist
16.9 fl. oz.
15B"
1233,"Taisun Cereal, Instant, Mixed Congee
13.2 ounce
1B"
1234,"Valentina Mexican Hot Sauce, Salsa Picante
12.5 fl. oz.
15B"
1235,"Casa Mexicana Seasoning Mix, Authentic, Fish Tacos
1 ounce
15B"
1236,"Sushi Chef Sushi Rice, Premium
20 ounce
1B"
1237,"Goya Coconut Water, with a Pomegranate Twist
16.9 fl. oz.
15B"
1238,"Walkerswood Seasoning, Jerk, Traditional, Hot & Spicy
10 ounce
15B"
1239,"Chi-Chi's Salsa, Medium
16 ounce
15B"
1240,"Kitchens of India Paste for Butter Chicken Curry
3.5 ounce
15B"
1241,"Goya Valencia Rice, Enriched, Short Grain
12 ounce
15B"
1242,"Walkerswood Jerk Seasoning, Traditional Jamaican, Mild
10 ounce
15B"
1243,"Goya Salchichon Salami
8 ounce
15B"
1244,"S&B Wasabi, Prepared, In Tube
3.17 ounce
1B"
1245,"Kitchens of India Paste for Chicken Curry
3.5 ounce
15B"
1246,"Lee Kum Kee Garlic, Minced
7.5 ounce
1B"
1247,"Goya Coconut Water, with Chocolate
11.15 fl. oz.
15B"
1248,"MDH Curry Masala, for Chicken
3.5 ounce
15B"
1249,"Goya Prime Premium Red Kidney Beans
15.5 ounce
15B"
1250,"Eden Soy Sauce, Organic, Tamari
10 fl. oz.
1B"
1251,"Maggi Fix & Frisch Seasoning Mix, German Style Pork Roast
1.27 ounce
15B"
1252,"Maggi Seasoning Mix, Hunter's Schitzel in Creamy Mushroom Sauce
0.95 ounce
15B"
1253,"JFC INTERNATIONAL INC. Candy, Botan Rice
0.75 ounce
1B"
1254,"Laxmi Brand Paprika
7 ounce
15B"
1255,"TING Carbonated Beverage, Sparkling, Grapefruit
10.14 fl. oz.
15B"
1256,"Mina Lemons, Preserved, Moroccan
12.5 ounce
15B"
1257,"Tamaki Gold Rice, California Koshihikari, Short Grain
4.4 lb.
1B"
1258,"Maya Kaimal Everyday Dal, Organic, Black Lentils + Tomato + Cumin
10 ounce
15B"
1259,"Maya Kaimal Everyday Dal, Organic, Green Split Peas + Spinach + Coconut
10 ounce
15B"
1260,"Maya Kaimal Everyday Dal, Organic, Kidney Beans + Carrots + Tamarind
10 ounce
15B"
1261,"Maya Kaimal Everyday Dal, Organic, Red Lentil + Butternut Squash + Coconut
10 ounce
15B"
1262,"Maya Kaimal Everyday Dal, Organic, Green Garbanzos + Corn + Coriander
10 ounce
15B"
1263,"GRACE Coconut Milk, Classic
13.53 fl. oz.
15B"
1264,"La Preferida Salsa, Avocado Tomatillo, Mild
16 ounce
15B"
1265,"Lee Kum Kee Sesame Oil, Pure
15 fl. oz.
1B"
1266,"Tamaki Haiga Rice, California Koshihikari, Short Grain
4.4 lb.
1B"
1267,"Goya Capers
2.25 ounce
15B"
1268,"MTR Tasty Delights Paneer Butter Masala, Ready to Eat
10.58 ounce
15B"
1269,"MAC'S Pork Skins, Fried, Bar-B-Q Flavored
5 ounce
15B"
1270,"MAC'S Pork Skins, Fried, Red Hot
5 ounce
15B"
1271,"Wegmans Gochujang Fermented Spicy Red Chili Paste
10.58 ounce
1B"
1272,"MAC'S Pork Cracklins, Original
5 ounce
15B"
1273,"MIZKAN Rice Vinegar, Natural
12 fl. oz.
1B"
1274,"Hakubaku Green Tea Noodles, Organic
7 ounce
1B"
1275,"Goya Novena Candle, Tall Tumbler, White
1 each
15B"
1276,"Sun Tropics Mochi Snack Bites, Sea Salt
3.5 ounce
1B"
1277,"Lee Kum Kee Soup Base, for Seafood Hot Pot
1.8 ounce
1B"
1278,"Red Boat Fish Sauce
8.45 fl. oz.
1B"
1279,"Lotus Foods Rice Noodles, Pad Thai, Traditional
8 ounce
1B"
1280,"Shan Just Perfect Recipe & Seasoning Mix, Chicken Masala
1.76 ounce
15B"
1281,"OtaJoy Pancake Kit, Okonomiyaki
7 ounce
1B"
1282,"OtaJoy Sweet & Savory Sauce, Original
14 ounce
1B"
1283,"Shan Just Perfect Recipe & Seasoning Mix, Chicken Tikka
1.76 ounce
15B"
1284,"Shan Recipe & Seasoning Mix, Biryani
1.76 ounce
15B"
1285,"Fody Salsa, Mild
16 ounce
15B"
1286,"Fody Salsa, Medium
16 ounce
15B"
1287,"Lee Kum Kee Spread and Dressing, Sriracha Mayo
15 fl. oz.
1B"
1288,"Shan Recipe & Seasoning Mix, Special Bombay Biryani
2.1 ounce
15B"
1289,"Milka Milk Chocolate Confection, with Strawberry Yogurt Creme Filling
3.52 ounce
15B"
1290,"SULTAN Molasses, Pomegranate, Premium
10 fl. oz.
15B"
1291,"Muso Furikake, Yuzu, Sprinkling
2.2 ounce
1B"
1292,"Muso Furikake, Umeboshi, Sprinkling
2.4 ounce
1B"
1293,"Muso From Japan Green Nori Seaweed, Sprinkling
2.5 ounce
1B"
1294,"Shan Recipe & Seasoning Mix, Malay Chicken Biryani
2.1 ounce
15B"
1295,"MDH Chana Masala
3.5 ounce
15B"
1296,"Kikkoman Soy Sauce, Tamari, Traditionally Brewed
10 fl. oz.
1B"
1297,"Aji-No-Moto Umami Seasoning
5 ounce
1B"
1298,"La Choy Soy Sauce, All Purpose
15 fl. oz.
1B"
1299,"La Choy Soy Sauce, All Purpose, Less Sodium
15 fl. oz.
1B"
1300,"La Choy Rice Noodles
3 ounce
1B"
1301,"La Choy Stir Fry Vegetables, Chop Suey
14 ounce
1B"
1302,"La Choy Chow Mein, Chicken
42 ounce
1B"
1303,"Kikkoman Seasoning Mix, Mongolian Beef
1 ounce
1B"
1304,"Kikkoman Seasoning Mix, Kung Pao Chicken
1 ounce
1B"
1305,"Kikkoman Seasoning Mix, Fried Rice
1 ounce
1B"
1306,"Kikkoman Seasoning Mix, Broccoli-Beef
1 ounce
1B"
1307,"Nestle Violet Crumble
1.75 ounce
15B"
1308,"Shan Just Perfect Seasoning Mix, Chaat Masala
3.52 ounce
15B"
1309,"Goya Rice & Pigeon Peas
7 ounce
15B"
1310,"Goya Olives, Spanish, Manzanilla
9.5 ounce
15B"
1311,"Goya Olives, Spanish, Manzanilla
9.5 ounce
15B"
1312,"Wilkin & Sons Ltd Preserve, Morello Cherry
12 ounce
15B"
1313,"Pantainorasingh Pad Thai Sauce
9 ounce
1B"
1314,"Iron Chef Orange Sauce, Glaze with Ginger
15 ounce
1B"
1315,"Tasty Bite Jodhpur Lentils, Indian, Mild
10 ounce
15B"
1316,"Goya Adobo Seasoning, All Purpose, without Pepper
8 ounce
15B"
1317,"Sazon Goya Seasoning, Coriander & Annatto, Econo Pak
3.52 ounce
15B"
1318,"Maesri Yellow Curry Paste
4 ounce
1B"
1319,"Taylors of Harrogate Black Tea, Yorkshire Gold, Bags
40 ct.
15B"
1320,"Shan Recipe & Seasoning Mix, Butter Chicken
1.76 ounce
15B"
1321,"La Preferida Taco Sauce, Green, Mild
7 ounce
15B"
1322,"GreeNoodle Noodles, Moroheiya, Plain
3.5 ounce
1B"
1323,"WATCHAREE'S Sauce, Pad Thai
13.3 ounce
1B"
1324,"WATCHAREE'S Sauce, Thai Green Curry
12.2 ounce
1B"
1325,"WATCHAREE'S Sauce, Thai Massaman Curry
12.2 ounce
1B"
1326,"Grace Chips, Green Plantain, Salted
2.5 ounce
15B"
1327,"Goya Squid Pieces, Premium, Jumbo, in Pickled Sauce
4 ounce
15B"
1328,"Grace Chips, Sweet Plantain
2.5 ounce
15B"
1329,"Goya Candle, Our Lady of Guadalupe, Green
1 each
15B"
1330,"Goya Squid, Premium, Jumbo, Pieces, in Garlic Sauce, Hot
4 ounce
15B"
1331,"Medaglia D'oro Coffee, Ground, Dark, Espresso Italian Roast
10 ounce
15B"
1332,"Goya Sazon Seasoning, without Annatto
2.11 ounce
15B"
1333,"Goya Candle, Sacred Heart of Jesus, Red
1 each
15B"
1334,"Ryvita Crispbread, Rye, Original
8.8 ounce
15B"
1335,"Indo Mie Instant Noodles, Stir Fry, Fried Noodles
3 ounce
1B"
1336,"Milka White Chocolate Confection
3.5 ounce
15B"
1337,"GOYA Seasoning, All Purpose, Adobo
8 ounce
15B"
1338,"Stonewall Kitchen Ketchup, Country
18.25 ounce
15B"
1339,"Stonewall Kitchen Mustard, Horseradish
8 ounce
15B"
1340,"Vegeta All Purpose Seasoning
17.6 ounce
15B"
1341,"Stonewall Kitchen Mustard, Maine Maple Champagne
8 ounce
15B"
1342,"Topo Chico Mineral Water, Carbonated
12 fl. oz.
15B"
1343,"Goya Candle, Virgin Mary, Blue
1 each
15B"
1344,"Stonewall Kitchen Mustard, Caramelized Onion
7.75 ounce
15B"
1345,"Thai Kitchen Pad Thai Sauce, Mild
8 fl. oz.
1B"
1346,"VEGEMITE Yeast Extract
7.75 ounce
15B"
1347,"Laxmi Ginger Garlic Paste
8 fl. oz.
15B"
1348,"JACOBS Coffee, The Magic Aroma
3.52 ounce
15B"
1349,"JACOB'S Biscuits, Rich Tea
10.58 ounce
15B"
1350,"BATCHELORS Peas, Mushy
14.8 ounce
15B"
1351,"Milka Milka & Oreo
3.5 ounce
15B"
1352,"Heinz Spaghetti, in Tomato Sauce
13.3 ounce
15B"
1353,"Tiptree Preserve, Little Scarlet, Strawberry
12 ounce
15B"
1354,"Stonewall Kitchen Jam, Raspberry Peach Champagne
12.5 ounce
15B"
1355,"Goya Artichoke Hearts, Quartered & Marinated
6 ounce
15B"
1356,"Stonewall Kitchen Jam, Sour Cherry
12.5 ounce
15B"
1357,"Goya Pimientos, Fancy
6.5 ounce
15B"
1358,"Stonewall Kitchen Jam, Wild Maine Blueberry
12.5 ounce
15B"
1359,"Kikkoman Bread Crumbs, Panko, Japanese Style
2 lb.
1B"
1360,"Goya Corn Meal, Enriched, Fine Yellow
24 ounce
15B"
1361,"Gold Mine Noodles, Kelp
1 lb.
1B"
1362,"Stonewall Kitchen Jam, Red Raspberry
12.25 ounce
15B"
1363,"Shan Lemon Pickle
11.29 ounce
15B"
1364,"Stonewall Kitchen Jam, Strawberry
12.25 ounce
15B"
1365,"Laxmi Brand Cardamom, Green
3.5 ounce
15B"
1366,"Sushi Chef Vinegar, Rice
10 fl. oz.
1B"
1367,"Stonewall Kitchen Jam, Fig & Ginger
12.5 ounce
15B"
1368,"Stonewall Kitchen Jam, Black Raspberry
12.5 ounce
15B"
1369,"SIMPLY ORGANIC Simmer Sauce, for Chicken, Mild Taco
8 ounce
5B"
1370,"Stonewall Kitchen Jam, Apricot
12.25 ounce
15B"
1371,"Nela Evaporated Filled Milk
12 fl. oz.
15B"
1372,"Eden Pinto Beans, Organic, Refried
16 ounce
15B"
1373,"Stonewall Kitchen Jam, Raspberry, Seedless
12.5 ounce
15B"
1374,"MTR Tasty Delights Paneer Tikka Masala
10.58 ounce
15B"
1375,"Stonewall Kitchen Jelly, Cinnamon Apple
12.5 ounce
15B"
1376,"GOYA Marinade, Mojo Criollo
24.5 fl. oz.
15B"
1377,"MANNER Wafer Cookies, Hazelnut
2.65 ounce
15B"
1378,"Laxmi Brand Basmati Rice, Brown
4 lb.
15B"
1379,"Kuhne Salata Dressing, Seasoned Vinegar
25.3 fl. oz.
15B"
1380,"SIMPLY ORGANIC Simmer Sauce, Southwest Taco
8 ounce
5B"
1381,"LEE KUM KEE Oyster Sauce
18 ounce
1B"
1382,"Assi Brand Rice Rolls, Crunchy
3.5 ounce
1B"
1383,"MANNER Wafer Cookies, Vanilla
2.65 ounce
15B"
1384,"Goya Lady Fingers
7 ounce
15B"
1385,"Tapatio Hot Sauce, Salsa Picante
10 fl. oz.
15B"
1386,"Amma's Kitchen Country Mixture
7 ounce
15B"
1387,"Langnese Honey, Creamy Country
17.6 ounce
15B"
1388,"Amma's Kitchen Murukku Sticks, Butter
7 ounce
15B"
1389,"NA Noodles, Japanese Style, Juwari Soba
7.05 ounce
1B"
1390,"Kikkoman Marinade & Sauce, Gluten-Free, Teriyaki
10 fl. oz.
1B"
1391,"McCann's Oatmeal, Irish, Quick Cooking
16 ounce
15B"
1392,"Goya Kidney Beans, Low Sodium, Dark
15.5 ounce
15B"
1393,"Kuhne Pickles, Barrel
35.9 fl. oz.
15B"
1394,"Chi-Chi's Fiesta Salsa, Thick & Chunky, Mild
48 ounce
15B"
1395,"Dynasty Brown Rice, Jasmine
5 lb.
1B"
1396,"Kikkoman Soy Sauce, Smooth Aromatic, Shoyu
6.8 fl. oz.
1B"
1397,"Assi Brand Soba Sauce
16.9 fl. oz.
1B"
1398,"Thai Kitchen Coconut Milk, Organic, Unsweetened, Lite
13.66 fl. oz.
1B"
1399,"Frontera Guacamole Mix, Spicy
4.5 ounce
15B"
1400,"Marukawa Bubble Gum, Assorted Flavors
1.29 ounce
1B"
1401,"Frontera Taco Skillet Sauce, Chipotle Garlic, Medium
8 ounce
15B"
1402,"Goya Wafers, Pineapple
4.94 ounce
15B"
1403,"Marukawa Bubble Gum, Strawberry
1.52 ounce
1B"
1404,"Goya Smoothie, Mango
33.8 fl. oz.
15B"
1405,"Nongshim Chajang Noodle, Chapagetti
4.5 ounce
1B"
1406,"Goya Smoothie, Strawberry Banana
33.8 fl. oz.
15B"
1407,"Hapi Wasabi Peas, Hot
4.9 ounce
1B"
1408,"Garden of Eatin' Dinner Kit, Yellow Corn Taco
9.4 ounce
15B"
1409,"Malta Goya Malt Beverage
70 fl. oz.
15B"
1410,"Paldo Soup, Bowl Noodle, Hot & Spicy Flavor
3.03 ounce
1B"
1411,"Garden of Eatin' Dinner Kit, Blue Corn Taco
9.4 ounce
15B"
1412,"Nongshim Udon Type Noodles, Spicy Seafood Flavor
4.2 ounce
1B"
1413,"Frontera Marinade, Carne Asada
6 ounce
15B"
1414,"LIME LEMON Tea Drink, Refreshing
50.7 fl. oz.
1B"
1415,"Hero Fruit Spread, Premium, Apricot
12 ounce
15B"
1416,"LANGNESE Honey, Summer Flower
17.6 ounce
15B"
